"Fecha","Último","Apertura","Máximo","Mínimo","Vol.","% var."
"17.10.2023","13.480,00","12.400,00","13.800,00","12.400,00","851,15K","9,15%"
"12.10.2023","12.350,00","11.950,00","12.630,45","11.577,00","671,59K","3,91%"
"11.10.2023","11.885,10","11.840,00","12.085,00","10.901,00","391,76K","6,69%"
"10.10.2023","11.140,10","10.600,00","11.999,00","10.600,00","396,00K","6,10%"
"09.10.2023","10.500,00","10.110,00","10.914,50","10.051,00","316,45K","5,47%"
"06.10.2023","9.955,15","10.260,95","10.570,00","9.800,00","321,98K","-2,92%"
"05.10.2023","10.255,00","10.330,00","10.568,60","10.166,00","343,15K","-0,63%"
"04.10.2023","10.320,00","9.749,00","10.330,00","9.620,00","221,14K","3,20%"
"03.10.2023","10.000,00","10.030,00","10.076,95","9.700,00","275,92K","-0,11%"
"02.10.2023","10.010,70","9.985,00","10.171,95","9.907,75","182,01K","-0,20%"
"29.09.2023","10.031,00","10.400,00","10.500,00","9.888,45","188,13K","-2,59%"
"28.09.2023","10.298,00","10.005,00","10.298,00","10.005,00","156,60K","2,93%"
"27.09.2023","10.005,00","9.502,00","10.036,00","9.502,00","196,64K","6,56%"
"26.09.2023","9.389,20","9.539,75","9.740,00","9.300,05","159,76K","-1,59%"
"25.09.2023","9.540,70","9.640,35","9.640,35","9.423,45","195,16K","-1,13%"
"22.09.2023","9.650,00","9.900,00","10.050,00","9.637,00","178,35K","-1,73%"
"21.09.2023","9.820,00","9.465,00","9.949,00","9.250,00","224,76K","3,34%"
"20.09.2023","9.503,00","9.601,00","9.749,85","9.501,00","187,52K","-0,79%"
"19.09.2023","9.579,00","9.700,00","9.700,00","9.451,00","241,08K","-0,94%"
"18.09.2023","9.669,95","9.450,00","9.670,00","9.370,05","243,22K","2,59%"
"15.09.2023","9.426,00","9.850,00","9.850,00","9.340,55","215,87K","-2,37%"
"14.09.2023","9.655,00","9.600,00","9.707,00","9.495,00","294,13K","1,15%"
"13.09.2023","9.545,00","9.350,00","9.566,00","9.150,05","296,39K","3,47%"
"12.09.2023","9.225,00","8.850,00","9.500,00","8.695,00","516,70K","3,89%"
"11.09.2023","8.880,00","9.341,00","9.444,75","8.730,00","875,95K","-4,82%"
"08.09.2023","9.330,00","9.650,30","10.100,00","9.177,50","511,79K","-3,64%"
"07.09.2023","9.682,00","10.168,80","10.187,50","9.590,00","349,04K","-5,63%"
"06.09.2023","10.260,00","10.406,00","10.500,00","10.228,25","217,83K","-0,97%"
"05.09.2023","10.360,00","10.664,25","10.700,00","10.200,00","311,57K","-3,98%"
"04.09.2023","10.789,00","10.920,00","11.090,00","10.565,00","100,29K","-0,96%"
"01.09.2023","10.894,00","11.400,05","11.567,60","10.860,75","261,09K","-4,25%"
"31.08.2023","11.378,00","11.720,00","11.850,00","11.197,80","215,15K","-2,92%"
"30.08.2023","11.720,00","11.931,00","12.124,00","11.600,00","196,19K","-1,68%"
"29.08.2023","11.920,00","11.900,00","12.159,10","11.770,00","198,98K","1,62%"
"28.08.2023","11.730,00","11.454,95","11.900,00","11.454,95","147,32K","2,45%"
"25.08.2023","11.450,00","11.213,55","11.455,85","11.150,00","199,08K","2,23%"
"24.08.2023","11.200,00","11.298,50","11.395,40","11.114,00","123,06K","-0,71%"
"23.08.2023","11.280,00","10.967,80","11.345,00","10.890,05","144,55K","2,84%"
"22.08.2023","10.968,60","10.952,00","11.036,70","10.714,00","162,82K","0,24%"
"18.08.2023","10.942,00","10.749,75","10.990,00","10.650,00","241,30K","-0,80%"
"17.08.2023","11.030,00","10.850,00","11.102,00","10.734,15","367,89K","4,42%"
"16.08.2023","10.563,00","10.357,00","10.730,00","10.265,00","401,83K","6,97%"
"15.08.2023","9.875,00","9.350,00","9.983,95","9.350,00","335,31K","6,07%"
"14.08.2023","9.310,00","8.600,00","9.790,00","8.400,00","533,74K","7,15%"
"11.08.2023","8.688,90","8.611,00","8.840,00","8.610,00","261,37K","0,80%"
"10.08.2023","8.620,00","8.495,00","8.680,00","8.495,00","213,66K","1,51%"
"09.08.2023","8.491,45","8.680,00","8.744,75","8.442,00","238,41K","-0,41%"
"08.08.2023","8.526,00","8.320,00","8.700,00","8.320,00","339,00K","2,35%"
"07.08.2023","8.329,90","8.250,00","8.352,00","8.176,65","217,94K","0,97%"
"04.08.2023","8.250,00","8.068,15","8.484,95","8.068,15","284,08K","2,41%"
"03.08.2023","8.056,00","8.091,00","8.234,00","7.901,00","227,57K","-0,42%"
"02.08.2023","8.090,00","8.125,00","8.125,00","7.955,00","166,97K","-1,58%"
"01.08.2023","8.220,00","8.221,00","8.369,00","8.130,00","139,82K","0,00%"
"31.07.2023","8.220,00","8.040,00","8.263,00","8.002,00","150,49K","2,30%"
"28.07.2023","8.035,45","8.000,00","8.084,00","7.890,00","173,25K","2,62%"
"27.07.2023","7.830,00","8.252,15","8.297,80","7.824,95","222,70K","-6,79%"
"26.07.2023","8.399,95","8.444,50","8.500,00","8.330,00","118,51K","-0,86%"
"25.07.2023","8.473,00","8.380,00","8.475,00","8.320,00","95,28K","1,11%"
"24.07.2023","8.380,00","8.300,00","8.505,75","8.230,00","182,56K","1,13%"
"21.07.2023","8.286,00","8.155,35","8.330,00","8.073,00","112,32K","2,02%"
"20.07.2023","8.122,00","8.170,00","8.190,00","8.030,00","123,77K","-0,10%"
"19.07.2023","8.130,00","8.150,00","8.245,00","8.000,00","110,12K","-0,85%"
"18.07.2023","8.200,00","8.200,00","8.400,00","8.018,75","199,90K","0,99%"
"17.07.2023","8.120,00","8.051,00","8.319,95","8.035,00","180,74K","3,70%"
"14.07.2023","7.830,00","7.901,25","7.901,25","7.752,00","167,26K","-1,82%"
"13.07.2023","7.975,05","7.746,55","8.035,00","7.746,55","244,14K","4,02%"
"12.07.2023","7.666,80","7.633,25","7.768,50","7.608,55","167,44K","2,85%"
"11.07.2023","7.454,45","7.480,25","7.500,00","7.366,05","118,31K","-0,74%"
"10.07.2023","7.510,00","7.445,25","7.520,00","7.400,00","149,74K","0,94%"
"07.07.2023","7.440,00","7.389,95","7.489,95","7.351,05","272,19K","2,06%"
"06.07.2023","7.290,00","7.504,90","7.540,00","7.200,05","356,48K","-5,91%"
"05.07.2023","7.748,00","7.700,00","7.790,00","7.501,00","308,83K","-1,54%"
"04.07.2023","7.869,10","7.800,00","7.900,00","7.705,00","94,66K","2,13%"
"03.07.2023","7.705,00","7.750,00","7.800,00","7.541,00","298,51K","0,72%"
"30.06.2023","7.649,80","7.740,00","7.740,00","7.501,00","267,31K","-0,64%"
"29.06.2023","7.699,00","7.435,55","7.700,00","7.400,00","209,50K","4,04%"
"28.06.2023","7.400,00","7.665,85","7.815,00","7.400,00","432,43K","-3,34%"
"27.06.2023","7.655,85","7.800,00","7.972,35","7.544,20","405,19K","-3,02%"
"26.06.2023","7.894,00","8.033,75","8.231,50","7.694,25","350,39K","3,19%"
"23.06.2023","7.650,00","7.413,10","7.790,00","7.375,30","275,69K","1,59%"
"22.06.2023","7.530,00","7.799,95","7.808,00","7.401,05","367,27K","-3,95%"
"21.06.2023","7.840,00","7.460,75","7.850,00","7.310,00","467,13K","6,32%"
"16.06.2023","7.373,85","6.799,00","7.451,00","6.776,00","469,24K","8,86%"
"15.06.2023","6.774,00","6.457,05","6.774,00","6.457,05","329,94K","8,60%"
"14.06.2023","6.237,30","6.210,00","6.300,00","6.145,20","276,26K","0,89%"
"13.06.2023","6.182,00","6.256,20","6.371,30","6.167,00","176,40K","-0,29%"
"12.06.2023","6.200,00","6.193,90","6.298,00","6.083,05","148,10K","-1,04%"
"09.06.2023","6.265,00","6.273,45","6.430,00","6.231,00","214,20K","-0,56%"
"08.06.2023","6.300,00","6.221,90","6.380,00","6.190,00","279,98K","1,73%"
"07.06.2023","6.193,00","6.190,00","6.315,00","6.140,00","369,29K","0,86%"
"06.06.2023","6.140,00","5.950,00","6.160,00","5.913,20","345,47K","5,48%"
"05.06.2023","5.821,00","5.800,00","5.840,00","5.705,00","171,97K","2,13%"
"02.06.2023","5.699,50","5.700,00","5.765,00","5.659,95","189,83K","1,50%"
"01.06.2023","5.615,00","5.404,00","5.679,90","5.400,00","261,60K","4,19%"
"31.05.2023","5.389,00","5.483,55","5.483,55","5.320,00","162,56K","-2,21%"
"30.05.2023","5.511,00","5.411,45","5.520,00","5.380,00","230,67K","-1,43%"
"29.05.2023","5.591,00","5.560,00","5.640,00","5.500,00","85,46K","0,35%"
"24.05.2023","5.571,35","5.492,00","5.581,00","5.430,90","174,64K","1,14%"
"23.05.2023","5.508,35","5.449,00","5.599,00","5.425,05","306,41K","3,66%"
"22.05.2023","5.314,00","5.300,00","5.397,80","5.261,00","218,44K","-0,49%"
"19.05.2023","5.340,00","5.389,00","5.435,00","5.293,55","213,63K","-0,43%"
"18.05.2023","5.363,00","5.269,60","5.400,00","5.205,00","191,39K","0,54%"
"17.05.2023","5.334,00","5.212,00","5.390,00","5.212,00","211,61K","2,32%"
"16.05.2023","5.212,85","5.279,00","5.400,00","5.200,00","249,74K","-1,33%"
"15.05.2023","5.283,00","5.092,55","5.297,10","5.045,00","273,47K","-0,53%"
"12.05.2023","5.311,20","5.390,00","5.465,55","5.251,00","394,04K","-1,19%"
"11.05.2023","5.375,00","5.218,30","5.389,00","5.100,00","251,50K","1,89%"
"10.05.2023","5.275,05","5.350,00","5.395,35","5.254,90","202,07K","-1,22%"
"09.05.2023","5.339,95","5.288,00","5.410,00","5.265,00","162,75K","0,73%"
"08.05.2023","5.301,00","5.217,00","5.376,10","5.217,00","229,70K","1,94%"
"05.05.2023","5.200,00","4.841,00","5.229,90","4.841,00","322,90K","8,82%"
"04.05.2023","4.778,45","4.850,00","4.869,85","4.753,00","285,07K","-0,28%"
"03.05.2023","4.792,00","4.966,35","5.000,00","4.786,00","305,98K","-4,48%"
"02.05.2023","5.017,00","5.080,00","5.090,00","4.888,00","217,95K","-1,91%"
"28.04.2023","5.114,95","5.137,20","5.137,20","4.960,00","295,19K","-0,25%"
"27.04.2023","5.128,00","5.230,00","5.340,00","5.060,00","281,76K","-2,23%"
"26.04.2023","5.245,00","5.388,00","5.442,00","5.064,00","264,91K","-2,62%"
"25.04.2023","5.386,05","5.302,70","5.445,00","5.200,00","307,36K","-0,07%"
"24.04.2023","5.390,00","5.251,00","5.405,00","5.170,00","219,01K","3,95%"
"21.04.2023","5.185,00","5.100,00","5.200,00","4.950,00","298,37K","1,47%"
"20.04.2023","5.110,00","5.048,05","5.150,00","4.950,00","240,29K","1,09%"
"19.04.2023","5.055,00","4.990,00","5.159,15","4.961,00","425,47K","-2,62%"
"18.04.2023","5.191,00","5.048,00","5.350,00","5.046,40","348,06K","2,89%"
"17.04.2023","5.045,00","5.009,00","5.055,00","4.921,00","239,59K","0,34%"
"14.04.2023","5.028,00","4.991,75","5.045,45","4.963,50","164,63K","1,37%"
"13.04.2023","4.960,00","5.010,00","5.049,00","4.920,00","173,29K","-0,60%"
"12.04.2023","4.990,05","5.040,00","5.044,00","4.970,00","250,80K","0,44%"
"11.04.2023","4.968,00","4.976,00","5.061,60","4.950,00","249,20K","0,50%"
"10.04.2023","4.943,25","4.800,00","5.064,10","4.800,00","456,33K","5,78%"
"05.04.2023","4.673,00","4.610,00","4.680,00","4.525,00","254,25K","0,52%"
"04.04.2023","4.649,00","4.725,00","4.740,00","4.553,00","307,94K","-1,71%"
"03.04.2023","4.730,00","4.589,00","4.743,00","4.587,45","480,85K","6,55%"
"31.03.2023","4.439,05","4.613,50","4.720,00","4.351,20","695,32K","-3,18%"
"30.03.2023","4.585,05","4.442,00","4.630,00","4.412,95","263,24K","3,24%"
"29.03.2023","4.441,10","4.292,05","4.484,95","4.292,05","334,92K","4,34%"
"28.03.2023","4.256,45","4.048,10","4.300,00","4.048,10","341,37K","5,27%"
"27.03.2023","4.043,50","3.851,00","4.059,95","3.829,10","245,04K","6,97%"
"23.03.2023","3.780,00","3.975,00","4.000,00","3.720,70","209,01K","-2,93%"
"22.03.2023","3.894,00","3.938,05","4.020,45","3.840,00","216,99K","-1,17%"
"21.03.2023","3.940,00","3.841,00","4.000,00","3.821,00","463,82K","6,76%"
"20.03.2023","3.690,50","3.752,00","3.830,35","3.690,00","272,68K","0,56%"
"17.03.2023","3.670,00","3.770,45","3.794,15","3.664,15","296,87K","-4,50%"
"16.03.2023","3.842,95","3.694,00","3.881,00","3.620,00","487,56K","4,03%"
"15.03.2023","3.694,00","3.600,00","3.718,35","3.570,00","595,47K","-4,65%"
"14.03.2023","3.874,20","4.051,45","4.140,10","3.843,50","465,33K","-2,17%"
"13.03.2023","3.960,00","4.140,50","4.170,00","3.895,00","564,91K","-6,45%"
"10.03.2023","4.233,00","4.599,00","4.641,00","4.200,00","704,40K","-6,14%"
"09.03.2023","4.510,00","4.599,00","4.753,15","4.506,00","329,23K","-1,53%"
"08.03.2023","4.580,00","4.512,00","4.580,00","4.440,00","302,31K","2,58%"
"07.03.2023","4.465,00","4.780,00","4.820,00","4.390,00","615,05K","-6,34%"
"06.03.2023","4.767,00","4.425,00","4.777,45","4.415,00","406,57K","7,46%"
"03.03.2023","4.436,00","4.360,00","4.460,00","4.280,00","181,60K","2,21%"
"02.03.2023","4.340,00","4.452,80","4.460,00","4.303,00","141,59K","-2,69%"
"01.03.2023","4.460,00","4.395,00","4.465,00","4.265,80","233,90K","2,65%"
"28.02.2023","4.344,95","4.461,00","4.519,95","4.270,00","205,66K","-2,36%"
"27.02.2023","4.450,00","4.400,00","4.485,00","4.365,00","166,56K","1,74%"
"24.02.2023","4.373,90","4.309,00","4.380,00","4.210,00","153,89K","1,25%"
"23.02.2023","4.320,00","4.227,00","4.329,00","4.226,00","185,60K","2,86%"
"22.02.2023","4.200,00","4.284,00","4.284,00","4.141,00","211,47K","-0,94%"
"17.02.2023","4.240,00","4.409,00","4.409,00","4.120,00","379,64K","-3,85%"
"16.02.2023","4.410,00","4.448,00","4.650,00","4.370,05","321,17K","0,23%"
"15.02.2023","4.400,00","4.488,00","4.529,00","4.290,00","218,76K","-1,94%"
"14.02.2023","4.487,00","4.500,00","4.580,00","4.390,00","219,76K","-0,29%"
"13.02.2023","4.500,00","4.321,00","4.604,75","4.250,00","345,86K","4,65%"
"10.02.2023","4.300,00","4.196,35","4.356,00","4.196,00","175,42K","2,65%"
"09.02.2023","4.189,00","4.240,00","4.299,00","4.147,00","154,20K","-0,85%"
"08.02.2023","4.225,00","4.250,00","4.369,95","4.155,00","163,95K","-0,47%"
"07.02.2023","4.245,00","4.210,00","4.340,00","4.175,00","175,38K","0,83%"
"06.02.2023","4.210,00","4.150,00","4.210,00","4.021,35","150,74K","2,42%"
"03.02.2023","4.110,60","4.251,00","4.320,00","4.080,10","209,53K","-2,71%"
"02.02.2023","4.225,00","4.350,00","4.387,00","4.119,60","246,31K","-1,74%"
"01.02.2023","4.300,00","4.400,00","4.480,00","4.136,05","288,87K","-1,89%"
"31.01.2023","4.383,00","4.212,00","4.415,00","4.136,00","323,79K","5,84%"
"30.01.2023","4.141,00","4.258,00","4.327,65","4.058,00","192,00K","-2,88%"
"27.01.2023","4.264,00","4.490,00","4.490,00","4.255,00","286,57K","-3,75%"
"26.01.2023","4.430,00","4.430,00","4.490,00","4.336,00","223,09K","1,14%"
"25.01.2023","4.380,00","4.329,50","4.437,00","4.190,00","320,37K","1,15%"
"24.01.2023","4.330,00","4.401,00","4.420,00","4.200,00","304,94K","-0,46%"
"23.01.2023","4.350,00","4.350,00","4.600,05","4.289,65","542,19K","0,93%"
"20.01.2023","4.310,10","4.102,00","4.380,50","4.102,00","412,88K","7,48%"
"19.01.2023","4.010,00","3.975,00","4.044,70","3.760,00","637,18K","1,01%"
"18.01.2023","3.970,00","4.450,00","4.600,00","3.960,00","603,71K","-10,02%"
"17.01.2023","4.412,00","4.008,50","4.429,95","4.000,00","418,84K","9,83%"
"16.01.2023","4.017,00","3.880,00","4.074,00","3.880,00","222,55K","3,53%"
"13.01.2023","3.880,00","3.558,00","3.928,00","3.507,00","399,61K","9,08%"
"12.01.2023","3.557,00","3.308,10","3.639,90","3.308,00","392,24K","7,56%"
"11.01.2023","3.307,00","3.251,00","3.330,00","3.214,60","187,77K","1,75%"
"10.01.2023","3.250,00","3.265,00","3.295,00","3.200,00","114,96K","0,12%"
"09.01.2023","3.246,05","3.250,00","3.300,00","3.160,75","258,32K","0,68%"
"06.01.2023","3.224,00","3.220,00","3.317,00","3.200,00","274,68K","0,78%"
"05.01.2023","3.199,00","2.985,00","3.204,95","2.985,00","310,62K","7,35%"
"04.01.2023","2.980,00","3.060,00","3.060,00","2.941,00","271,32K","-2,30%"
"03.01.2023","3.050,00","3.208,95","3.255,15","2.960,00","457,52K","-7,49%"
"02.01.2023","3.297,00","3.150,00","3.308,95","3.150,00","134,34K","5,00%"
"30.12.2022","3.140,00","3.110,00","3.173,00","3.003,00","73,80K","1,62%"
"29.12.2022","3.090,00","3.140,00","3.220,00","3.065,90","155,68K","-1,59%"
"28.12.2022","3.139,95","3.000,00","3.179,95","3.000,00","288,50K","5,02%"
"27.12.2022","2.990,00","3.065,00","3.095,00","2.966,00","214,82K","-2,48%"
"26.12.2022","3.066,00","3.050,00","3.096,50","2.950,00","108,30K","1,32%"
"23.12.2022","3.026,00","2.951,00","3.048,50","2.950,00","242,35K","3,13%"
"22.12.2022","2.934,25","2.885,00","2.957,75","2.845,50","216,63K","1,92%"
"21.12.2022","2.879,00","2.800,00","2.900,00","2.791,00","409,79K","4,50%"
"20.12.2022","2.755,00","2.645,00","2.759,90","2.631,00","98,85K","4,91%"
"19.12.2022","2.626,00","2.481,00","2.630,00","2.400,00","189,42K","5,89%"
"16.12.2022","2.480,00","2.500,00","2.548,45","2.447,75","184,16K","-0,20%"
"15.12.2022","2.485,05","2.476,00","2.499,65","2.436,00","191,22K","0,73%"
"14.12.2022","2.467,00","2.521,00","2.579,85","2.450,00","153,09K","-1,97%"
"13.12.2022","2.516,55","2.544,00","2.595,90","2.516,05","165,54K","0,04%"
"12.12.2022","2.515,60","2.634,00","2.634,00","2.501,00","282,20K","-5,07%"
"07.12.2022","2.650,00","2.658,00","2.689,50","2.610,00","260,86K","-0,34%"
"06.12.2022","2.659,00","2.650,00","2.698,50","2.580,00","269,96K","2,27%"
"05.12.2022","2.599,95","2.726,00","2.792,00","2.595,00","331,16K","-4,62%"
"02.12.2022","2.726,00","2.758,00","2.799,50","2.723,95","176,80K","-0,90%"
"01.12.2022","2.750,65","2.750,50","2.785,00","2.675,00","147,31K","0,06%"
"30.11.2022","2.749,00","2.807,00","2.880,00","2.705,00","305,65K","-1,28%"
"29.11.2022","2.784,60","2.698,00","2.800,00","2.695,05","200,01K","3,14%"
"28.11.2022","2.699,95","2.670,00","2.731,65","2.550,00","263,37K","0,74%"
"25.11.2022","2.680,00","2.565,00","2.724,00","2.560,00","195,41K","4,08%"
"24.11.2022","2.574,95","2.530,00","2.600,00","2.500,00","76,32K","2,21%"
"23.11.2022","2.519,30","2.498,50","2.540,00","2.425,00","143,66K","0,89%"
"22.11.2022","2.497,00","2.480,00","2.530,00","2.413,75","173,35K","0,69%"
"18.11.2022","2.480,00","2.493,00","2.539,00","2.406,00","286,67K","-0,75%"
"17.11.2022","2.498,85","2.520,00","2.525,00","2.400,00","393,24K","0,01%"
"16.11.2022","2.498,70","2.600,00","2.649,50","2.470,00","273,43K","-4,04%"
"15.11.2022","2.604,00","2.519,45","2.640,00","2.519,45","351,04K","3,33%"
"14.11.2022","2.520,00","2.390,00","2.531,75","2.293,50","325,58K","5,25%"
"11.11.2022","2.394,20","2.316,00","2.396,90","2.275,00","219,38K","7,41%"
"10.11.2022","2.229,00","2.300,00","2.380,00","2.202,00","275,58K","1,36%"
"09.11.2022","2.199,00","2.370,00","2.377,00","2.171,50","344,53K","-7,37%"
"08.11.2022","2.374,00","2.460,00","2.500,00","2.332,00","212,97K","-2,14%"
"07.11.2022","2.426,00","2.470,00","2.539,95","2.410,00","190,93K","-1,82%"
"04.11.2022","2.471,00","2.513,80","2.570,00","2.461,50","187,55K","-1,12%"
"03.11.2022","2.499,00","2.450,00","2.538,00","2.406,00","216,63K","2,54%"
"02.11.2022","2.437,00","2.454,65","2.536,00","2.424,00","297,66K","-2,87%"
"01.11.2022","2.509,00","2.410,00","2.533,75","2.405,00","417,21K","6,31%"
"31.10.2022","2.360,00","2.354,00","2.386,00","2.283,45","328,39K","0,34%"
"28.10.2022","2.352,00","2.436,45","2.436,45","2.330,00","312,58K","-2,81%"
"27.10.2022","2.420,10","2.410,00","2.465,00","2.392,50","219,11K","1,01%"
"26.10.2022","2.396,00","2.362,20","2.450,00","2.362,20","358,24K","1,61%"
"25.10.2022","2.358,00","2.282,00","2.362,90","2.282,00","356,09K","4,34%"
"24.10.2022","2.260,00","2.164,00","2.322,00","2.096,05","365,54K","3,29%"
"21.10.2022","2.188,00","2.171,10","2.200,00","2.105,00","251,58K","2,79%"
"20.10.2022","2.128,55","2.225,25","2.253,00","2.116,55","165,92K","-0,77%"
"19.10.2022","2.145,00","2.143,55","2.175,00","2.138,10","163,62K","0,47%"
"18.10.2022","2.135,00","2.150,00","2.151,20","2.090,00","217,83K","-2,13%"
"17.10.2022","2.181,45","2.150,00","2.213,35","2.131,00","150,58K","3,70%"
"14.10.2022","2.103,70","2.120,00","2.147,15","2.086,65","155,17K","-3,37%"
"13.10.2022","2.177,00","2.079,00","2.178,00","2.035,40","179,36K","6,20%"
"12.10.2022","2.050,00","2.030,00","2.060,00","1.978,40","179,58K","-0,97%"
"11.10.2022","2.070,00","2.139,35","2.139,35","2.040,00","217,74K","-7,42%"
"06.10.2022","2.236,00","2.305,00","2.314,45","2.221,00","237,86K","-2,87%"
"05.10.2022","2.302,00","2.178,00","2.323,50","2.114,45","447,89K","7,87%"
"04.10.2022","2.134,05","2.120,00","2.200,00","2.100,00","269,14K","1,07%"
"03.10.2022","2.111,50","2.028,50","2.118,00","2.024,10","291,14K","9,23%"
"30.09.2022","1.933,00","1.930,00","1.947,00","1.906,00","129,07K","0,16%"
"29.09.2022","1.930,00","1.949,00","1.994,55","1.911,00","146,36K","-2,28%"
"28.09.2022","1.975,00","1.945,00","1.978,00","1.900,00","257,37K","2,81%"
"27.09.2022","1.921,00","1.965,00","1.997,00","1.911,50","205,59K","-1,64%"
"26.09.2022","1.953,00","1.980,00","2.030,00","1.920,00","297,59K","-0,15%"
"23.09.2022","1.956,00","2.058,25","2.058,25","1.950,00","499,49K","-10,28%"
"22.09.2022","2.180,00","2.151,00","2.183,00","2.117,00","192,98K","2,98%"
"21.09.2022","2.117,00","2.178,00","2.178,00","2.079,00","510,58K","-2,89%"
"20.09.2022","2.180,00","2.245,00","2.245,00","2.150,00","259,57K","-0,93%"
"19.09.2022","2.200,50","2.099,00","2.237,55","2.060,00","494,93K","4,29%"
"16.09.2022","2.110,00","1.995,00","2.130,00","1.972,00","472,62K","5,74%"
"15.09.2022","1.995,50","2.080,00","2.105,00","1.955,00","490,32K","-4,11%"
"14.09.2022","2.081,00","2.035,00","2.095,00","1.975,00","362,10K","3,12%"
"13.09.2022","2.018,00","1.981,00","2.061,75","1.981,00","494,68K","1,87%"
"12.09.2022","1.981,00","1.999,00","2.039,00","1.940,00","454,80K","0,56%"
"09.09.2022","1.970,00","1.950,00","2.000,00","1.932,10","422,03K","1,49%"
"08.09.2022","1.941,05","1.946,00","1.998,00","1.890,00","1,00M","3,80%"
"07.09.2022","1.870,00","1.700,00","1.891,95","1.685,00","685,51K","7,57%"
"06.09.2022","1.738,45","1.699,00","1.778,95","1.675,00","240,47K","1,37%"
"05.09.2022","1.715,00","1.690,00","1.750,00","1.679,50","117,05K","4,24%"
"01.09.2022","1.645,30","1.590,00","1.669,50","1.585,00","192,41K","2,77%"
"31.08.2022","1.601,00","1.641,00","1.679,85","1.601,00","314,87K","-1,93%"
"30.08.2022","1.632,50","1.690,00","1.690,00","1.630,00","409,43K","-5,31%"
"29.08.2022","1.724,00","1.635,00","1.768,15","1.607,70","371,80K","6,47%"
"26.08.2022","1.619,20","1.650,00","1.660,00","1.588,00","355,51K","-1,86%"
"25.08.2022","1.649,95","1.583,00","1.669,85","1.562,70","374,68K","4,10%"
"24.08.2022","1.585,00","1.540,00","1.590,00","1.523,50","451,52K","2,59%"
"23.08.2022","1.545,00","1.501,00","1.545,00","1.480,00","726,96K","8,42%"
"22.08.2022","1.425,00","1.397,50","1.447,95","1.365,35","148,85K","1,42%"
"19.08.2022","1.405,00","1.394,00","1.412,00","1.370,00","231,51K","-0,71%"
"18.08.2022","1.415,00","1.390,00","1.420,00","1.360,00","475,87K","6,39%"
"17.08.2022","1.330,00","1.304,00","1.333,00","1.294,05","308,55K","2,86%"
"16.08.2022","1.293,00","1.307,35","1.350,00","1.276,35","358,42K","3,27%"
"12.08.2022","1.252,00","1.205,00","1.260,00","1.205,00","354,97K","5,74%"
"11.08.2022","1.184,00","1.200,80","1.255,00","1.175,05","238,67K","3,23%"
"10.08.2022","1.147,00","1.140,00","1.150,00","1.120,00","203,35K","-0,09%"
"09.08.2022","1.148,00","1.144,35","1.168,00","1.126,00","97,66K","-0,17%"
"08.08.2022","1.150,00","1.100,00","1.163,85","1.100,00","262,91K","5,50%"
"05.08.2022","1.090,00","1.080,50","1.113,00","1.080,50","229,30K","0,37%"
"04.08.2022","1.086,00","1.093,65","1.105,95","1.069,00","134,63K","-0,46%"
"03.08.2022","1.091,00","1.075,25","1.101,00","1.059,55","112,93K","1,21%"
"02.08.2022","1.078,00","1.080,00","1.100,00","1.025,00","142,97K","2,80%"
"01.08.2022","1.048,60","1.079,00","1.091,35","1.014,00","292,37K","-3,80%"
"29.07.2022","1.090,00","1.120,30","1.169,00","1.074,10","329,48K","-1,80%"
"28.07.2022","1.110,00","1.140,00","1.167,85","1.070,00","392,02K","-1,55%"
"27.07.2022","1.127,45","1.079,00","1.130,00","1.060,00","310,41K","5,06%"
"26.07.2022","1.073,10","1.055,00","1.089,00","1.050,00","239,34K","2,59%"
"25.07.2022","1.046,00","995,00","1.055,00","970,00","295,43K","7,84%"
"22.07.2022","970,00","992,00","992,00","950,00","281,25K","-1,62%"
"21.07.2022","986,00","934,40","999,00","917,00","458,99K","4,78%"
"20.07.2022","941,00","945,95","950,00","933,05","149,80K","-0,32%"
"19.07.2022","944,00","925,00","950,00","921,00","87,73K","1,51%"
"18.07.2022","930,00","916,50","937,90","916,50","136,78K","2,90%"
"15.07.2022","903,75","879,55","908,00","871,00","166,25K","2,04%"
"14.07.2022","885,70","862,00","890,55","850,05","164,02K","-1,25%"
"13.07.2022","896,95","891,90","905,00","882,00","128,77K","0,67%"
"12.07.2022","891,00","907,00","911,00","885,00","261,56K","-3,68%"
"11.07.2022","925,05","945,00","945,65","905,05","170,60K","-2,21%"
"08.07.2022","946,00","925,00","955,00","916,75","251,16K","2,49%"
"07.07.2022","923,00","890,00","947,00","890,00","383,02K","5,61%"
"06.07.2022","874,00","859,00","879,95","830,00","456,50K","1,04%"
"05.07.2022","865,00","825,00","870,00","820,05","182,33K","3,59%"
"04.07.2022","835,00","820,50","848,95","810,00","127,05K","-1,42%"
"01.07.2022","847,00","841,00","848,00","817,00","100,73K","1,44%"
"30.06.2022","835,00","824,50","852,95","820,05","110,10K","-1,42%"
"29.06.2022","847,00","862,50","866,45","832,00","147,02K","-2,92%"
"28.06.2022","872,50","849,00","884,95","847,05","401,47K","4,37%"
"27.06.2022","836,00","786,20","843,00","782,00","278,50K","6,77%"
"24.06.2022","783,00","778,10","796,00","766,00","527,98K","0,64%"
"23.06.2022","778,00","823,55","826,50","759,00","896,59K","-7,49%"
"22.06.2022","841,00","840,50","849,85","820,00","182,50K","-2,27%"
"21.06.2022","860,50","859,95","864,95","835,05","219,78K","-1,36%"
"16.06.2022","872,35","876,00","880,35","863,00","207,28K","-2,37%"
"15.06.2022","893,50","905,00","920,00","875,00","170,12K","-0,83%"
"14.06.2022","901,00","917,00","933,00","890,05","87,68K","-1,21%"
"13.06.2022","912,00","898,00","923,00","874,00","248,31K","-0,44%"
"10.06.2022","916,00","900,00","917,95","884,05","99,57K","2,35%"
"09.06.2022","895,00","908,00","912,00","888,05","134,31K","-1,97%"
"08.06.2022","913,00","920,00","930,50","904,00","156,37K","0,22%"
"07.06.2022","911,00","915,00","918,00","900,10","76,71K","0,50%"
"06.06.2022","906,50","935,50","944,95","906,00","210,26K","-1,88%"
"03.06.2022","923,90","916,00","933,50","909,80","233,79K","2,20%"
"02.06.2022","904,00","915,00","917,00","899,00","172,13K","-1,73%"
"01.06.2022","919,95","946,00","951,00","910,00","165,87K","-2,87%"
"31.05.2022","947,15","973,00","979,90","943,00","79,88K","-2,64%"
"30.05.2022","972,80","960,00","994,00","960,00","34,74K","-0,43%"
"27.05.2022","977,00","965,00","979,90","951,95","146,80K","1,66%"
"26.05.2022","961,00","949,00","968,90","949,00","208,30K","3,22%"
"24.05.2022","931,00","941,00","944,95","916,50","109,27K","-1,06%"
"23.05.2022","941,00","910,00","950,05","885,00","145,58K","3,42%"
"20.05.2022","909,90","915,00","924,00","890,00","91,15K","-0,56%"
"19.05.2022","915,00","905,85","926,00","901,00","96,62K","-2,04%"
"17.05.2022","934,10","934,50","954,00","929,00","157,74K","0,55%"
"16.05.2022","928,95","929,00","938,00","905,60","263,10K","2,42%"
"13.05.2022","907,00","865,00","910,00","865,00","238,88K","6,64%"
"12.05.2022","850,55","830,00","865,00","815,05","299,66K","-0,40%"
"11.05.2022","854,00","845,00","868,00","845,00","131,93K","2,68%"
"10.05.2022","831,75","822,00","835,80","801,00","189,26K","2,29%"
"09.05.2022","813,15","840,00","854,65","812,00","243,22K","-7,07%"
"06.05.2022","875,00","862,00","879,95","835,00","63,80K","1,50%"
"05.05.2022","862,10","900,95","900,95","854,50","172,46K","-4,53%"
"04.05.2022","903,00","900,00","910,00","884,00","128,85K","1,23%"
"03.05.2022","892,00","883,00","903,00","880,00","134,44K","1,59%"
"02.05.2022","878,00","866,00","883,05","860,20","108,44K","-0,34%"
"29.04.2022","881,00","910,00","921,00","880,00","122,61K","-2,99%"
"28.04.2022","908,20","894,00","917,90","887,00","74,06K","1,25%"
"27.04.2022","897,00","909,50","909,50","884,00","231,66K","-0,83%"
"26.04.2022","904,50","930,00","930,00","898,00","288,81K","-3,98%"
"25.04.2022","942,00","939,00","950,00","899,00","451,64K","-2,38%"
"22.04.2022","965,00","973,60","981,95","956,00","144,42K","-0,46%"
"21.04.2022","969,50","980,00","988,00","957,00","122,06K","-1,37%"
"20.04.2022","982,95","976,00","984,00","958,00","89,40K","0,82%"
"19.04.2022","975,00","981,00","1.000,00","961,00","115,54K","-0,62%"
"18.04.2022","981,10","981,00","1.014,85","979,00","186,18K","0,73%"
"13.04.2022","974,00","967,35","975,00","957,00","92,81K","1,04%"
"12.04.2022","964,00","971,05","986,50","957,00","139,04K","0,73%"
"11.04.2022","957,00","970,00","983,20","955,05","68,76K","-2,64%"
"08.04.2022","983,00","974,00","991,90","972,05","124,56K","0,92%"
"07.04.2022","974,00","954,00","976,65","946,00","118,02K","2,53%"
"06.04.2022","950,00","966,05","980,00","950,00","161,58K","-2,51%"
"05.04.2022","974,45","1.012,00","1.035,00","973,00","265,58K","-2,85%"
"04.04.2022","1.003,00","966,05","1.003,95","966,05","590,49K","5,70%"
"01.04.2022","948,95","924,10","949,00","920,00","117,66K","3,03%"
"31.03.2022","921,00","948,00","948,00","921,00","140,35K","-1,64%"
"30.03.2022","936,40","930,00","955,00","930,00","208,72K","2,23%"
"29.03.2022","916,00","933,00","936,00","912,00","106,01K","-1,87%"
"28.03.2022","933,50","930,00","956,00","913,00","101,30K","-1,52%"
"25.03.2022","947,90","946,05","960,00","933,25","192,33K","2,59%"
"23.03.2022","924,00","910,00","940,00","910,00","305,40K","2,78%"
"22.03.2022","899,00","890,00","905,00","890,00","237,37K","0,63%"
"21.03.2022","893,40","883,00","895,00","870,00","324,16K","4,98%"
"18.03.2022","851,00","878,95","885,00","847,00","202,16K","-3,19%"
"17.03.2022","879,00","845,00","879,95","845,00","254,89K","4,02%"
"16.03.2022","845,00","850,00","860,50","830,20","259,98K","1,56%"
"15.03.2022","832,00","829,95","847,85","820,00","275,82K","-2,80%"
"14.03.2022","856,00","878,00","883,00","850,30","341,91K","-6,14%"
"11.03.2022","912,00","937,00","950,00","896,00","116,57K","-2,46%"
"10.03.2022","935,00","900,00","953,00","880,05","232,27K","3,89%"
"09.03.2022","900,00","885,00","925,00","875,05","218,96K","1,98%"
"08.03.2022","882,50","869,95","905,95","835,10","294,25K","3,36%"
"07.03.2022","853,85","904,00","915,00","851,00","210,86K","-3,41%"
"04.03.2022","883,95","935,00","944,00","873,10","237,98K","-5,35%"
"03.03.2022","933,95","957,35","968,00","911,10","429,48K","-2,10%"
"02.03.2022","954,00","880,00","970,00","880,00","345,54K","8,90%"
"25.02.2022","876,00","896,00","905,00","873,10","195,98K","-1,35%"
"24.02.2022","888,00","917,95","917,95","872,50","233,31K","-3,79%"
"23.02.2022","922,95","920,00","933,90","899,00","305,75K","0,65%"
"22.02.2022","917,00","921,00","950,00","905,00","233,96K","-0,43%"
"21.02.2022","921,00","900,00","924,85","900,00","77,27K","2,11%"
"18.02.2022","902,00","921,00","932,00","892,05","152,24K","-2,21%"
"17.02.2022","922,40","932,00","940,00","915,10","210,74K","-1,10%"
"16.02.2022","932,65","889,00","935,05","882,00","285,36K","5,80%"
"15.02.2022","881,50","888,60","896,90","857,05","219,08K","-0,73%"
"14.02.2022","888,00","905,00","910,00","882,05","85,71K","-1,22%"
"11.02.2022","899,00","885,00","917,45","883,50","138,11K","1,02%"
"10.02.2022","889,95","881,00","901,00","870,05","69,02K","0,12%"
"09.02.2022","888,90","890,00","897,00","881,05","51,76K","0,78%"
"08.02.2022","882,00","907,10","907,15","880,00","89,33K","-2,00%"
"07.02.2022","900,00","898,05","915,00","886,15","79,11K","0,22%"
"04.02.2022","898,00","910,05","921,00","893,00","136,00K","-0,88%"
"03.02.2022","906,00","942,90","942,90","900,00","138,22K","-4,53%"
"02.02.2022","949,00","975,00","995,00","932,00","199,88K","-2,47%"
"01.02.2022","973,00","948,70","995,00","928,00","290,61K","1,78%"
"31.01.2022","956,00","945,85","972,95","928,00","261,22K","0,90%"
"28.01.2022","947,50","940,00","960,00","920,00","375,71K","3,98%"
"27.01.2022","911,25","906,95","923,10","898,05","204,02K","1,48%"
"26.01.2022","898,00","889,00","918,00","886,00","298,56K","1,01%"
"25.01.2022","889,00","830,90","891,00","823,00","238,36K","7,11%"
"24.01.2022","830,00","844,00","844,90","804,10","292,73K","-2,47%"
"21.01.2022","851,00","871,00","871,00","845,60","291,07K","-2,91%"
"20.01.2022","876,50","867,00","885,00","845,05","182,14K","0,75%"
"19.01.2022","870,00","879,95","890,00","864,05","74,87K","-1,69%"
"18.01.2022","885,00","890,05","913,00","867,00","210,30K","-0,33%"
"17.01.2022","887,90","890,00","907,00","881,00","27,51K","-1,01%"
"14.01.2022","897,00","871,00","899,20","869,05","118,47K","2,51%"
"13.01.2022","875,00","855,50","906,00","855,50","601,19K","2,82%"
"12.01.2022","851,00","852,50","863,00","849,35","126,19K","0,18%"
"11.01.2022","849,50","821,70","852,00","821,70","192,25K","3,03%"
"10.01.2022","824,50","831,60","839,95","816,05","105,42K","-1,25%"
"07.01.2022","834,90","830,00","836,95","820,00","64,83K","0,11%"
"06.01.2022","834,00","821,05","843,95","820,05","55,28K","0,96%"
"05.01.2022","826,05","844,00","869,95","826,05","415,12K","-2,47%"
"04.01.2022","847,00","830,80","855,00","822,15","213,93K","1,86%"
"03.01.2022","831,50","789,95","833,80","782,00","345,09K","6,81%"
"30.12.2021","778,45","807,95","816,00","774,05","424,26K","-3,30%"
"29.12.2021","805,00","819,95","819,95","792,35","80,04K","0,00%"
"28.12.2021","805,00","834,95","834,95","797,25","191,47K","-2,30%"
"27.12.2021","823,95","817,00","828,50","804,10","114,55K","0,73%"
"23.12.2021","818,00","815,05","829,95","808,20","93,59K","0,37%"
"22.12.2021","815,00","824,95","824,95","808,05","114,08K","-0,72%"
"21.12.2021","820,95","799,95","824,00","792,05","195,07K","3,92%"
"20.12.2021","790,00","793,95","793,95","765,35","265,21K","-1,25%"
"17.12.2021","800,00","809,00","811,00","791,55","142,56K","-0,45%"
"16.12.2021","803,60","785,00","820,00","781,00","206,19K","3,82%"
"15.12.2021","774,00","799,95","804,70","770,60","462,97K","-4,44%"
"14.12.2021","810,00","805,00","821,00","790,05","228,09K","-0,43%"
"13.12.2021","813,50","830,00","849,00","799,00","315,97K","-4,18%"
"10.12.2021","849,00","879,90","879,90","848,00","183,34K","-2,53%"
"09.12.2021","871,00","918,85","920,00","868,00","399,16K","-5,21%"
"07.12.2021","918,85","910,00","924,90","904,00","378,15K","2,21%"
"06.12.2021","899,00","890,00","905,00","866,55","330,08K","4,17%"
"03.12.2021","863,00","894,05","904,95","835,00","433,85K","-2,82%"
"02.12.2021","888,00","845,00","888,00","830,00","798,24K","7,38%"
"01.12.2021","827,00","790,05","862,00","790,05","854,06K","8,13%"
"30.11.2021","764,85","734,95","766,50","721,00","294,75K","3,36%"
"29.11.2021","740,00","779,95","786,45","730,00","395,44K","-2,63%"
"26.11.2021","760,00","800,00","802,95","742,00","865,04K","-7,99%"
"25.11.2021","826,00","809,00","827,50","805,00","58,53K","2,10%"
"24.11.2021","809,00","830,00","841,95","809,00","387,43K","-2,35%"
"23.11.2021","828,50","835,00","842,50","812,50","278,16K","-1,89%"
"19.11.2021","844,50","889,00","892,00","838,05","272,20K","-5,01%"
"18.11.2021","889,00","855,00","895,00","835,05","266,88K","4,59%"
"17.11.2021","850,00","872,50","888,00","837,20","377,68K","-2,30%"
"16.11.2021","870,00","910,00","918,00","867,00","289,13K","-4,29%"
"15.11.2021","909,00","959,00","960,00","906,00","316,88K","-4,11%"
"12.11.2021","948,00","935,00","951,00","906,00","488,56K","1,39%"
"11.11.2021","935,00","960,00","968,00","920,00","453,83K","-2,20%"
"10.11.2021","956,00","971,00","990,80","950,00","450,29K","-0,93%"
"09.11.2021","965,00","945,50","965,00","936,00","279,38K","1,58%"
"08.11.2021","950,00","920,00","950,00","920,00","204,37K","3,26%"
"05.11.2021","920,00","910,00","921,00","898,50","203,90K","1,88%"
"04.11.2021","903,00","934,00","934,00","900,10","279,72K","-2,90%"
"03.11.2021","930,00","910,00","934,50","903,00","321,15K","1,20%"
"02.11.2021","919,00","915,00","928,80","901,00","229,09K","-1,82%"
"01.11.2021","936,00","895,00","942,00","893,00","154,22K","6,12%"
"29.10.2021","882,00","904,10","905,00","880,10","294,25K","-2,97%"
"28.10.2021","909,00","910,70","921,00","895,00","252,34K","-1,09%"
"27.10.2021","919,00","943,95","945,80","915,25","188,19K","-2,70%"
"26.10.2021","944,50","942,00","954,50","936,00","198,92K","0,19%"
"25.10.2021","942,70","916,00","945,00","916,00","300,77K","4,05%"
"22.10.2021","906,00","915,10","922,00","898,00","323,33K","-1,63%"
"21.10.2021","921,00","937,00","946,95","916,05","428,10K","-2,11%"
"20.10.2021","940,85","904,00","945,00","897,05","480,21K","4,36%"
"19.10.2021","901,50","893,85","907,90","880,00","259,76K","0,73%"
"18.10.2021","895,00","904,05","909,95","890,00","268,70K","-1,32%"
"15.10.2021","907,00","901,10","911,75","890,05","175,42K","1,52%"
"14.10.2021","893,45","899,05","903,65","883,50","162,60K","-0,17%"
"13.10.2021","895,00","877,55","895,45","865,00","293,76K","-0,44%"
"12.10.2021","899,00","932,95","934,00","895,10","254,18K","-3,54%"
"07.10.2021","932,00","930,15","955,00","930,00","88,13K","0,25%"
"06.10.2021","929,70","937,00","937,00","912,05","70,17K","-1,92%"
"05.10.2021","947,90","926,05","953,95","926,05","177,07K","2,59%"
"04.10.2021","924,00","925,00","930,30","911,15","108,53K","0,98%"
"01.10.2021","915,00","924,95","924,95","900,00","83,23K","0,21%"
"30.09.2021","913,10","894,00","927,00","894,00","145,67K","2,25%"
"29.09.2021","893,00","910,00","912,00","890,00","117,18K","-1,64%"
"28.09.2021","907,90","901,00","915,00","883,10","78,30K","1,22%"
"27.09.2021","897,00","876,10","902,00","876,10","132,11K","3,83%"
"24.09.2021","863,90","865,10","880,00","852,05","70,39K","-0,70%"
"23.09.2021","870,00","876,05","888,55","860,00","102,62K","-0,46%"
"22.09.2021","874,00","891,05","900,00","866,00","136,32K","0,23%"
"21.09.2021","872,00","879,95","890,00","852,00","136,81K","-1,36%"
"20.09.2021","884,00","893,95","893,95","866,00","162,01K","-5,25%"
"17.09.2021","932,95","947,05","950,85","921,10","182,48K","-2,87%"
"16.09.2021","960,50","927,95","971,00","915,00","133,08K","0,89%"
"15.09.2021","952,00","961,90","980,00","930,40","147,70K","0,32%"
"14.09.2021","949,00","967,95","970,50","930,00","145,35K","-1,66%"
"13.09.2021","965,00","1.001,00","1.038,00","952,55","494,83K","3,54%"
"10.09.2021","932,00","941,00","941,95","915,30","161,85K","-1,06%"
"09.09.2021","942,00","940,00","957,95","917,30","241,61K","2,50%"
"08.09.2021","919,00","930,10","938,65","900,00","155,72K","-2,34%"
"07.09.2021","941,00","880,55","947,00","880,55","320,40K","7,86%"
"06.09.2021","872,40","872,00","878,00","859,00","37,65K","-0,06%"
"03.09.2021","872,90","870,05","889,00","865,00","94,06K","-2,07%"
"02.09.2021","891,35","892,00","905,00","880,00","118,74K","0,83%"
"01.09.2021","884,00","900,05","921,00","884,00","256,45K","-3,91%"
"31.08.2021","920,00","907,95","920,00","896,00","221,08K","1,55%"
"30.08.2021","906,00","895,95","917,00","890,00","231,12K","1,03%"
"27.08.2021","896,80","875,60","900,40","875,60","226,29K","4,05%"
"26.08.2021","861,90","875,00","878,00","858,00","170,35K","-0,93%"
"25.08.2021","870,00","865,00","876,00","860,00","208,43K","0,99%"
"24.08.2021","861,50","856,00","863,00","845,00","198,25K","4,81%"
"23.08.2021","822,00","815,05","826,95","806,05","91,60K","2,24%"
"20.08.2021","804,00","785,00","808,10","785,00","168,24K","2,03%"
"19.08.2021","788,00","793,95","794,20","769,00","201,95K","-2,72%"
"18.08.2021","810,00","822,05","834,95","809,00","176,40K","-3,57%"
"17.08.2021","840,00","851,05","865,00","823,05","149,21K","-2,33%"
"13.08.2021","860,00","850,05","866,00","845,05","144,15K","-1,66%"
"12.08.2021","874,50","895,00","899,00","865,05","302,54K","-1,85%"
"11.08.2021","891,00","860,00","900,00","855,00","283,33K","5,44%"
"10.08.2021","845,00","811,05","845,00","811,05","184,76K","5,30%"
"09.08.2021","802,50","785,00","807,25","782,00","133,45K","1,97%"
"06.08.2021","787,00","789,00","797,00","784,00","53,57K","-0,44%"
"05.08.2021","790,50","781,45","796,00","779,00","136,44K","4,43%"
"04.08.2021","757,00","775,95","783,50","755,05","100,89K","-3,18%"
"03.08.2021","781,85","772,95","785,00","755,50","98,61K","0,35%"
"02.08.2021","779,10","787,95","796,00","775,00","86,01K","-1,13%"
"30.07.2021","788,00","806,00","810,00","786,10","72,02K","-1,99%"
"29.07.2021","804,00","785,00","804,00","780,00","84,27K","3,08%"
"28.07.2021","780,00","778,00","780,10","765,05","48,52K","0,92%"
"27.07.2021","772,90","781,95","781,95","760,00","31,09K","-1,42%"
"26.07.2021","784,00","777,60","790,00","777,10","51,99K","2,35%"
"23.07.2021","766,00","779,05","780,25","763,00","82,89K","-2,36%"
"22.07.2021","784,50","776,95","784,95","768,00","93,11K","-0,70%"
"21.07.2021","790,00","767,05","790,00","767,05","123,70K","6,04%"
"20.07.2021","745,00","735,95","759,00","728,00","138,01K","1,35%"
"19.07.2021","735,05","728,00","742,00","715,00","131,05K","-1,20%"
"16.07.2021","744,00","758,45","760,00","738,05","96,93K","-3,15%"
"15.07.2021","768,20","780,00","788,15","764,00","42,34K","-1,45%"
"14.07.2021","779,50","800,00","805,00","779,00","72,60K","-1,60%"
"13.07.2021","792,15","787,95","800,00","783,00","90,82K","0,83%"
"12.07.2021","785,60","760,00","800,00","755,00","201,21K","5,31%"
"08.07.2021","746,00","758,40","759,95","743,00","93,79K","-3,04%"
"07.07.2021","769,40","763,75","770,00","747,05","157,45K","0,05%"
"06.07.2021","769,00","800,05","813,00","763,50","204,45K","-3,51%"
"05.07.2021","797,00","809,00","809,00","797,00","41,92K","0,25%"
"02.07.2021","795,00","792,50","799,00","781,10","96,02K","-0,50%"
"01.07.2021","799,00","798,95","811,50","796,05","66,11K","0,50%"
"30.06.2021","795,00","781,25","804,95","781,25","166,03K","1,66%"
"29.06.2021","782,00","799,95","799,95","782,00","199,52K","-3,15%"
"28.06.2021","807,45","811,00","811,00","794,00","242,52K","-2,83%"
"25.06.2021","831,00","785,00","835,00","781,00","699,34K","-5,13%"
"24.06.2021","875,95","859,95","885,00","851,00","57,44K","1,27%"
"23.06.2021","865,00","894,00","904,35","854,00","107,34K","-1,03%"
"22.06.2021","874,00","832,15","897,00","822,05","123,74K","3,55%"
"18.06.2021","844,00","832,95","854,00","821,20","126,55K","-1,86%"
"17.06.2021","860,00","897,90","897,95","846,05","138,21K","-4,02%"
"16.06.2021","896,00","889,95","904,45","880,00","125,49K","-0,22%"
"15.06.2021","898,00","891,15","904,95","867,00","99,87K","0,90%"
"14.06.2021","890,00","899,65","922,00","888,00","96,73K","0,92%"
"11.06.2021","881,90","920,00","927,35","867,00","178,35K","-5,38%"
"10.06.2021","932,00","940,05","951,95","922,00","192,75K","2,36%"
"09.06.2021","910,50","905,00","924,50","896,00","175,47K","0,28%"
"08.06.2021","908,00","922,00","930,00","902,00","208,42K","-4,22%"
"07.06.2021","948,00","903,35","953,00","900,05","446,93K","7,00%"
"04.06.2021","886,00","852,00","890,45","844,15","309,64K","4,12%"
"03.06.2021","850,95","813,95","855,00","810,00","206,23K","4,33%"
"02.06.2021","815,65","820,10","829,90","807,05","177,04K","1,84%"
"01.06.2021","800,90","780,05","803,00","780,05","268,28K","7,49%"
"31.05.2021","745,10","763,05","768,00","745,10","50,94K","-1,70%"
"28.05.2021","758,00","763,00","770,00","756,90","202,41K","1,20%"
"27.05.2021","749,00","740,05","753,95","740,00","78,61K","0,88%"
"26.05.2021","742,50","734,05","745,95","731,60","49,21K","1,71%"
"21.05.2021","730,05","742,95","753,50","728,60","188,61K","-1,88%"
"20.05.2021","744,00","746,00","754,30","731,50","130,69K","1,29%"
"19.05.2021","734,50","733,00","749,95","720,00","116,30K","-2,46%"
"18.05.2021","753,00","739,00","763,00","735,00","242,32K","2,45%"
"17.05.2021","735,00","700,00","751,00","690,00","294,31K","4,63%"
"14.05.2021","702,50","691,00","715,90","684,10","394,45K","5,32%"
"13.05.2021","667,00","671,05","681,25","650,15","297,65K","3,73%"
"12.05.2021","643,00","630,00","665,95","625,00","546,70K","4,55%"
"11.05.2021","615,00","621,00","626,60","610,00","145,29K","-2,89%"
"10.05.2021","633,30","639,30","644,95","625,00","189,01K","2,31%"
"07.05.2021","619,00","606,05","624,00","600,55","201,22K","3,95%"
"06.05.2021","595,45","598,95","599,95","583,05","103,93K","-1,25%"
"05.05.2021","603,00","580,05","604,00","580,05","112,72K","3,62%"
"04.05.2021","581,95","580,00","583,90","575,50","137,47K","-1,31%"
"03.05.2021","589,70","595,00","600,35","584,00","117,85K","-0,05%"
"30.04.2021","590,00","618,00","618,00","588,00","118,49K","-5,30%"
"29.04.2021","623,00","616,00","623,00","605,05","174,17K","1,12%"
"28.04.2021","616,10","603,35","618,50","603,35","214,90K","3,72%"
"27.04.2021","594,00","581,55","595,00","581,55","145,41K","2,42%"
"26.04.2021","579,95","585,05","591,95","576,00","132,34K","1,75%"
"23.04.2021","570,00","575,00","578,00","565,00","88,52K","-0,70%"
"22.04.2021","574,00","584,90","584,90","572,05","119,78K","-1,37%"
"21.04.2021","582,00","570,95","585,25","561,50","95,28K","1,48%"
"20.04.2021","573,50","588,50","588,50","569,00","165,61K","-3,13%"
"19.04.2021","592,00","594,00","604,25","588,00","120,59K","-0,01%"
"16.04.2021","592,05","583,00","593,95","570,00","151,37K","1,03%"
"15.04.2021","586,00","585,95","597,70","584,00","52,82K","-0,02%"
"14.04.2021","586,10","597,95","614,25","586,05","127,54K","0,02%"
"13.04.2021","586,00","592,00","603,00","586,00","113,00K","-0,68%"
"12.04.2021","590,00","602,95","609,00","589,15","153,73K","-2,16%"
"09.04.2021","603,00","622,50","622,50","600,00","147,27K","-3,67%"
"08.04.2021","626,00","630,00","643,45","622,10","66,10K","-1,57%"
"07.04.2021","636,00","647,50","647,50","635,00","94,44K","-2,14%"
"06.04.2021","649,90","611,75","650,00","611,75","247,61K","7,20%"
"05.04.2021","606,25","600,00","607,90","595,00","73,76K","1,38%"
"31.03.2021","598,00","600,05","608,95","592,60","181,19K","0,42%"
"30.03.2021","595,50","594,90","604,00","591,35","64,05K","0,77%"
"29.03.2021","590,95","600,00","605,00","589,00","59,67K","-0,51%"
"26.03.2021","594,00","613,10","620,95","587,00","126,02K","-1,33%"
"25.03.2021","602,00","604,95","606,95","581,00","237,44K","-3,06%"
"23.03.2021","621,00","647,70","650,00","615,00","98,47K","-4,11%"
"22.03.2021","647,60","655,00","658,75","642,00","87,75K","-1,30%"
"19.03.2021","656,10","650,00","664,45","635,80","70,18K","0,47%"
"18.03.2021","653,00","672,00","683,95","642,05","114,53K","-2,83%"
"17.03.2021","672,00","655,80","680,95","655,80","191,46K","3,35%"
"16.03.2021","650,20","675,05","681,00","649,30","110,46K","-3,67%"
"15.03.2021","675,00","656,05","680,00","651,85","226,13K","3,15%"
"12.03.2021","654,40","659,50","669,95","646,00","148,23K","0,06%"
"11.03.2021","654,00","636,05","658,95","630,00","126,60K","1,24%"
"10.03.2021","646,00","610,50","649,80","610,50","268,32K","5,95%"
"09.03.2021","609,75","610,10","619,95","595,00","98,35K","0,04%"
"08.03.2021","609,50","641,40","650,00","599,50","159,21K","-4,54%"
"05.03.2021","638,50","646,55","675,00","630,05","143,63K","-0,71%"
"04.03.2021","643,05","614,50","695,00","597,05","516,57K","4,65%"
"03.03.2021","614,50","614,90","620,00","597,55","189,41K","1,06%"
"02.03.2021","608,05","641,00","641,00","604,00","220,61K","-5,73%"
"01.03.2021","645,00","646,00","659,95","636,00","111,47K","0,31%"
"26.02.2021","643,00","645,00","660,00","630,45","110,69K","-0,46%"
"25.02.2021","646,00","650,00","665,00","627,25","242,49K","1,57%"
"24.02.2021","636,00","600,00","637,00","600,00","211,67K","7,25%"
"23.02.2021","593,00","599,90","610,00","572,00","197,05K","-3,18%"
"22.02.2021","612,50","639,90","639,90","612,50","285,64K","-4,60%"
"19.02.2021","642,00","674,00","674,00","635,00","422,73K","-4,69%"
"18.02.2021","673,60","708,70","711,00","671,00","496,14K","-4,59%"
"17.02.2021","706,00","695,05","711,00","686,00","243,17K","3,07%"
"12.02.2021","684,95","682,50","697,95","677,00","166,18K","1,76%"
"11.02.2021","673,10","690,50","711,00","673,10","228,39K","-2,31%"
"10.02.2021","689,00","701,05","710,00","680,20","266,62K","-1,64%"
"09.02.2021","700,50","695,10","706,00","678,00","333,33K","1,82%"
"08.02.2021","688,00","672,05","693,00","672,05","373,87K","7,17%"
"05.02.2021","642,00","650,00","665,00","637,00","275,81K","-1,83%"
"04.02.2021","654,00","650,05","664,00","638,00","265,54K","1,00%"
"03.02.2021","647,50","618,30","654,50","618,00","374,22K","4,44%"
"02.02.2021","620,00","631,50","649,95","607,10","547,25K","-0,98%"
"01.02.2021","626,15","595,00","638,00","581,25","532,77K","6,31%"
"29.01.2021","589,00","609,90","627,90","584,00","324,38K","-3,60%"
"28.01.2021","611,00","627,00","649,95","590,00","478,78K","-2,40%"
"27.01.2021","626,00","584,00","645,00","568,80","673,50K","6,59%"
"26.01.2021","587,30","549,05","588,50","549,05","604,41K","10,20%"
"25.01.2021","532,95","559,90","575,00","525,10","438,65K","-5,00%"
"22.01.2021","561,00","521,00","573,00","521,00","865,12K","8,01%"
"21.01.2021","519,40","569,00","578,00","516,00","791,65K","-9,04%"
"20.01.2021","571,00","597,00","597,00","563,00","517,14K","-6,16%"
"19.01.2021","608,50","629,95","635,00","604,15","186,57K","-1,85%"
"18.01.2021","620,00","605,50","627,00","601,00","51,06K","0,65%"
"15.01.2021","616,00","638,00","638,00","612,00","165,48K","-2,99%"
"14.01.2021","635,00","629,00","646,00","601,00","370,75K","0,47%"
"13.01.2021","632,00","640,00","652,00","613,00","360,93K","-1,37%"
"12.01.2021","640,80","670,00","681,00","631,10","160,15K","-4,07%"
"11.01.2021","668,00","688,00","689,00","665,00","64,38K","-3,33%"
"08.01.2021","691,00","722,95","740,00","688,10","153,56K","-4,49%"
"07.01.2021","723,50","690,00","725,00","690,00","98,99K","4,86%"
"06.01.2021","690,00","696,00","705,00","690,00","100,08K","0,02%"
"05.01.2021","689,85","672,00","693,50","671,05","104,12K","1,75%"
"04.01.2021","678,00","690,00","697,50","662,00","133,78K","-2,87%"
"30.12.2020","698,00","710,00","719,95","690,00","140,33K","-0,85%"
"29.12.2020","704,00","715,00","721,50","701,00","104,38K","-0,07%"
"28.12.2020","704,50","742,95","742,95","704,50","152,38K","-4,41%"
"23.12.2020","737,00","705,50","741,75","700,05","100,62K","4,39%"
"22.12.2020","706,00","722,00","740,00","703,00","181,54K","-1,67%"
"21.12.2020","718,00","757,00","757,00","700,00","123,74K","-2,97%"
"18.12.2020","740,00","774,95","780,00","740,00","117,96K","-4,26%"
"17.12.2020","772,90","778,80","798,00","769,25","114,87K","-0,90%"
"16.12.2020","779,95","771,00","797,95","770,05","146,66K","0,77%"
"15.12.2020","774,00","779,00","785,00","765,15","87,38K","0,13%"
"14.12.2020","773,00","776,15","789,00","767,15","118,33K","-0,26%"
"11.12.2020","775,00","772,00","778,45","762,30","79,08K","-0,19%"
"10.12.2020","776,50","740,00","784,00","735,00","329,63K","4,66%"
"09.12.2020","741,95","776,95","776,95","729,00","242,28K","-5,00%"
"04.12.2020","781,00","766,00","802,00","766,00","128,55K","3,44%"
"03.12.2020","755,00","779,95","788,00","755,00","115,23K","-3,82%"
"02.12.2020","784,95","765,10","801,95","765,10","98,56K","-0,01%"
"01.12.2020","785,00","780,00","797,90","766,00","187,00K","2,42%"
"30.11.2020","766,45","810,05","812,00","750,00","235,50K","-5,14%"
"27.11.2020","808,00","769,05","823,00","769,05","165,97K","3,59%"
"26.11.2020","780,00","760,55","790,00","760,00","44,84K","0,66%"
"25.11.2020","774,90","800,00","815,00","770,00","270,64K","-3,51%"
"24.11.2020","803,10","745,00","820,35","745,00","576,90K","11,54%"
"20.11.2020","720,00","708,95","731,00","708,95","92,18K","1,00%"
"19.11.2020","712,90","720,00","734,95","702,30","101,87K","-1,80%"
"18.11.2020","726,00","718,20","731,75","718,20","147,73K","0,83%"
"17.11.2020","720,00","699,00","730,25","674,00","278,36K","2,49%"
"16.11.2020","702,50","692,60","710,00","692,60","131,78K","4,23%"
"13.11.2020","674,00","644,95","675,00","644,45","136,81K","4,18%"
"12.11.2020","646,95","666,00","685,00","645,00","130,04K","-3,73%"
"11.11.2020","672,00","700,00","731,55","665,00","349,08K","-4,34%"
"10.11.2020","702,50","605,00","714,00","590,05","718,75K","15,16%"
"09.11.2020","610,00","580,00","610,00","580,00","176,97K","9,52%"
"06.11.2020","557,00","572,00","579,85","542,00","76,73K","-2,45%"
"05.11.2020","571,00","536,00","572,00","536,00","134,43K","6,13%"
"04.11.2020","538,00","542,20","565,50","530,00","95,55K","-1,01%"
"03.11.2020","543,50","530,00","554,95","526,10","149,29K","4,52%"
"02.11.2020","520,00","519,95","524,50","495,00","140,38K","2,97%"
"30.10.2020","505,00","515,80","516,50","497,00","166,06K","-2,23%"
"29.10.2020","516,50","509,95","517,00","493,60","256,11K","1,10%"
"28.10.2020","510,90","530,00","536,00","510,00","316,54K","-8,92%"
"27.10.2020","560,95","595,00","605,00","560,00","119,36K","-5,56%"
"26.10.2020","594,00","639,00","639,00","589,00","143,61K","-7,46%"
"23.10.2020","641,90","623,05","642,00","601,00","163,16K","3,70%"
"22.10.2020","619,00","587,00","627,90","586,55","142,46K","5,54%"
"21.10.2020","586,50","599,45","604,00","583,00","176,21K","-2,25%"
"20.10.2020","600,00","586,50","610,00","586,50","323,79K","0,17%"
"19.10.2020","599,00","619,05","625,00","582,70","183,31K","-1,32%"
"16.10.2020","607,00","617,00","622,00","602,50","176,57K","-1,73%"
"14.10.2020","617,70","601,20","617,70","601,20","133,15K","3,82%"
"13.10.2020","595,00","597,00","606,00","585,00","126,25K","-2,30%"
"09.10.2020","609,00","588,05","612,00","587,00","154,16K","3,92%"
"08.10.2020","586,00","567,65","587,00","560,00","89,33K","3,53%"
"07.10.2020","566,00","561,00","573,00","541,00","219,83K","0,71%"
"06.10.2020","562,00","585,00","594,45","554,00","243,65K","-3,24%"
"05.10.2020","580,80","560,00","581,00","553,00","143,48K","2,25%"
"02.10.2020","568,00","545,90","570,00","530,15","100,99K","3,35%"
"01.10.2020","549,60","520,00","554,20","519,50","166,82K","6,37%"
"30.09.2020","516,70","550,00","559,00","509,00","248,64K","-4,49%"
"29.09.2020","541,00","541,25","547,95","525,00","133,99K","-0,82%"
"28.09.2020","545,50","546,00","555,00","533,20","94,37K","1,02%"
"25.09.2020","540,00","547,95","547,95","538,00","114,49K","-2,17%"
"24.09.2020","552,00","548,95","564,80","535,00","201,16K","0,03%"
"23.09.2020","551,85","560,95","564,00","545,00","123,96K","-1,46%"
"22.09.2020","560,00","572,65","575,05","546,25","178,76K","-2,18%"
"21.09.2020","572,50","580,00","587,55","570,00","179,32K","-3,46%"
"18.09.2020","593,00","579,95","600,00","570,00","280,11K","2,07%"
"17.09.2020","581,00","613,00","613,00","574,95","243,40K","-5,22%"
"16.09.2020","613,00","610,05","647,00","604,00","179,51K","-5,98%"
"15.09.2020","652,00","645,60","658,00","637,85","109,31K","0,19%"
"14.09.2020","650,75","661,00","668,00","646,15","79,89K","-2,14%"
"11.09.2020","665,00","671,50","684,95","665,00","100,72K","-0,97%"
"10.09.2020","671,50","683,00","691,00","665,10","180,74K","-1,32%"
"09.09.2020","680,50","670,00","684,00","670,00","103,38K","2,48%"
"08.09.2020","664,00","662,00","664,50","650,55","60,90K","-2,06%"
"07.09.2020","678,00","675,00","685,00","669,00","40,85K","1,27%"
"04.09.2020","669,50","679,95","679,95","646,00","99,97K","-1,01%"
"03.09.2020","676,35","695,05","700,00","674,00","51,67K","-2,19%"
"02.09.2020","691,50","714,95","714,95","685,00","78,35K","-4,21%"
"01.09.2020","721,90","726,05","733,90","710,15","70,79K","0,61%"
"31.08.2020","717,50","700,05","725,00","700,05","76,05K","0,35%"
"28.08.2020","715,00","678,05","715,00","678,05","93,16K","5,93%"
"27.08.2020","675,00","703,00","720,00","674,00","143,30K","-3,30%"
"26.08.2020","698,00","720,00","729,45","695,80","90,40K","-3,12%"
"25.08.2020","720,50","713,10","732,00","704,70","87,98K","0,49%"
"24.08.2020","717,00","716,05","720,00","714,00","62,30K","0,14%"
"21.08.2020","716,00","720,95","728,35","710,00","104,19K","-1,25%"
"20.08.2020","725,05","720,00","729,00","701,05","60,14K","0,70%"
"19.08.2020","720,00","722,95","734,80","717,00","123,92K","2,27%"
"18.08.2020","704,00","707,95","714,70","690,00","196,09K","-2,76%"
"14.08.2020","724,00","730,00","746,00","715,00","185,31K","-0,82%"
"13.08.2020","730,00","718,00","740,90","717,00","202,69K","2,10%"
"12.08.2020","715,00","760,00","760,00","712,00","298,18K","-5,67%"
"11.08.2020","758,00","780,00","788,00","750,00","217,36K","-4,65%"
"10.08.2020","795,00","805,00","808,00","790,05","151,32K","-1,61%"
"07.08.2020","808,00","788,50","816,00","780,00","132,89K","1,49%"
"06.08.2020","796,10","801,00","801,00","769,00","162,12K","-2,20%"
"05.08.2020","814,00","844,00","847,00","795,00","160,17K","-1,57%"
"04.08.2020","827,00","830,00","870,00","791,80","371,91K","0,49%"
"03.08.2020","823,00","761,05","836,00","757,40","346,95K","9,01%"
"31.07.2020","755,00","770,95","770,95","752,00","134,61K","-1,31%"
"30.07.2020","765,00","745,00","774,50","720,05","169,53K","1,19%"
"29.07.2020","756,00","767,05","774,45","749,00","144,36K","-1,56%"
"28.07.2020","768,00","769,95","770,00","747,00","160,06K","-0,53%"
"27.07.2020","772,10","766,85","785,00","765,00","125,13K","1,99%"
"24.07.2020","757,00","760,00","773,00","748,45","209,21K","-2,07%"
"23.07.2020","773,00","769,10","796,00","763,25","249,44K","0,52%"
"22.07.2020","769,00","760,00","778,25","759,00","151,17K","1,20%"
"21.07.2020","759,90","767,00","779,00","758,00","427,10K","0,78%"
"20.07.2020","754,00","746,00","755,95","729,95","146,45K","1,02%"
"17.07.2020","746,40","740,05","749,05","732,00","141,06K","1,52%"
"16.07.2020","735,20","727,00","743,00","714,05","240,21K","0,93%"
"15.07.2020","728,40","710,05","729,80","710,05","164,79K","2,59%"
"14.07.2020","710,00","681,00","710,00","670,00","194,92K","4,41%"
"13.07.2020","680,00","676,00","700,00","676,00","260,70K","1,27%"
"08.07.2020","671,50","661,00","672,00","660,00","107,34K","1,36%"
"07.07.2020","662,50","657,95","670,00","649,00","136,25K","0,38%"
"06.07.2020","660,00","640,00","679,50","640,00","340,53K","5,26%"
"03.07.2020","627,00","635,00","640,00","627,00","32,32K","-0,63%"
"02.07.2020","631,00","631,20","648,00","605,00","129,60K","1,45%"
"01.07.2020","622,00","604,05","626,00","600,00","99,70K","3,66%"
"30.06.2020","600,05","608,00","613,95","593,05","158,30K","-2,83%"
"29.06.2020","617,50","612,05","625,00","612,05","125,69K","1,56%"
"26.06.2020","608,00","619,00","622,95","600,00","104,83K","-1,94%"
"25.06.2020","620,00","605,05","625,00","600,15","102,73K","3,68%"
"24.06.2020","598,00","608,95","611,00","591,00","110,47K","-1,97%"
"23.06.2020","610,00","613,05","624,90","608,65","202,08K","0,66%"
"22.06.2020","606,00","618,00","618,00","588,00","343,73K","-2,55%"
"19.06.2020","621,85","591,05","633,00","591,05","257,29K","6,76%"
"18.06.2020","582,50","614,00","614,00","580,00","304,60K","-6,88%"
"17.06.2020","625,55","655,00","667,00","615,00","131,58K","-4,20%"
"16.06.2020","653,00","681,00","700,00","652,00","179,05K","-3,40%"
"12.06.2020","676,00","703,00","715,00","640,00","339,82K","0,90%"
"11.06.2020","670,00","709,00","709,00","658,00","316,08K","-7,60%"
"10.06.2020","725,10","717,50","734,95","704,00","319,66K","-2,03%"
"09.06.2020","740,10","735,00","750,00","700,05","440,20K","-1,72%"
"08.06.2020","753,05","690,05","760,00","690,05","476,34K","11,40%"
"05.06.2020","676,00","683,05","700,00","665,00","357,47K","1,08%"
"04.06.2020","668,75","670,00","683,95","645,00","386,96K","1,33%"
"03.06.2020","660,00","627,00","682,50","622,05","475,03K","5,26%"
"02.06.2020","627,00","600,00","630,00","595,00","298,35K","6,27%"
"01.06.2020","590,00","561,40","594,00","549,00","198,13K","4,06%"
"29.05.2020","567,00","569,00","569,00","525,00","227,78K","0,16%"
"28.05.2020","566,10","585,00","592,95","560,00","330,68K","-5,33%"
"27.05.2020","597,95","575,00","598,00","563,00","332,35K","4,36%"
"26.05.2020","572,95","550,05","573,00","550,05","228,51K","4,38%"
"22.05.2020","548,90","543,95","560,25","530,00","324,07K","-0,38%"
"21.05.2020","551,00","535,00","578,95","522,70","336,87K","3,40%"
"20.05.2020","532,90","533,00","541,70","522,00","239,28K","1,80%"
"19.05.2020","523,50","530,00","541,00","520,00","213,92K","-0,85%"
"18.05.2020","528,00","527,50","542,00","514,00","293,55K","2,72%"
"15.05.2020","514,00","525,00","530,95","507,10","271,92K","0,98%"
"14.05.2020","509,00","486,00","518,00","481,00","410,77K","3,88%"
"13.05.2020","490,00","525,00","531,05","479,05","426,51K","-5,41%"
"12.05.2020","518,00","515,00","545,00","515,00","474,10K","5,71%"
"11.05.2020","490,00","471,00","495,00","458,00","357,47K","2,63%"
"08.05.2020","477,45","470,10","490,00","470,10","319,91K","3,68%"
"07.05.2020","460,50","455,05","465,80","452,60","453,02K","4,19%"
"06.05.2020","442,00","441,00","450,00","418,00","344,52K","0,23%"
"05.05.2020","441,00","423,05","449,95","423,05","292,58K","4,01%"
"04.05.2020","424,00","431,00","431,00","408,10","161,90K","-1,89%"
"30.04.2020","432,15","452,00","460,00","426,00","166,41K","-4,20%"
"29.04.2020","451,10","451,00","468,15","421,55","336,24K","2,99%"
"28.04.2020","438,00","393,00","445,60","392,05","611,48K","16,18%"
"27.04.2020","377,00","370,30","379,00","350,00","175,44K","2,03%"
"24.04.2020","369,50","398,10","400,00","357,00","257,72K","-6,81%"
"23.04.2020","396,50","394,00","404,50","390,00","150,17K","0,76%"
"22.04.2020","393,50","385,00","396,90","385,00","125,35K","3,83%"
"21.04.2020","379,00","388,90","390,00","379,00","200,47K","-4,65%"
"20.04.2020","397,50","390,05","414,00","380,05","289,39K","-0,87%"
"17.04.2020","401,00","404,00","418,00","396,30","176,44K","-0,25%"
"16.04.2020","402,00","424,95","430,00","393,00","320,16K","-8,26%"
"15.04.2020","438,20","414,50","438,50","400,00","329,65K","1,24%"
"14.04.2020","432,85","415,00","444,65","415,00","465,02K","6,48%"
"13.04.2020","406,50","400,00","408,00","385,00","362,00K","1,22%"
"08.04.2020","401,60","380,55","406,20","380,00","312,44K","5,68%"
"07.04.2020","380,00","400,50","407,00","367,00","452,98K","-3,06%"
"06.04.2020","392,00","390,10","399,95","383,00","276,38K","0,94%"
"03.04.2020","388,35","390,00","400,00","373,10","416,42K","1,40%"
"02.04.2020","383,00","372,00","398,00","364,00","568,65K","4,40%"
"01.04.2020","366,85","346,00","368,00","343,00","339,20K","6,03%"
"30.03.2020","346,00","345,00","348,00","324,85","208,95K","1,47%"
"27.03.2020","341,00","338,00","350,00","325,00","247,17K","-3,94%"
"26.03.2020","355,00","396,00","409,95","349,00","561,15K","-6,08%"
"25.03.2020","378,00","351,00","385,00","351,00","582,54K","20,00%"
"20.03.2020","315,00","288,00","350,00","282,80","719,65K","13,72%"
"19.03.2020","277,00","257,10","286,00","257,10","859,30K","17,45%"
"18.03.2020","235,85","298,95","304,50","218,65","1,30M","-25,79%"
"17.03.2020","317,80","365,00","365,00","305,70","759,63K","-10,94%"
"16.03.2020","356,85","346,95","376,00","318,00","566,06K","-11,75%"
"13.03.2020","404,35","422,00","438,95","386,00","641,56K","-4,97%"
"12.03.2020","425,50","434,00","435,00","408,00","428,59K","-11,17%"
"11.03.2020","479,00","491,00","494,90","466,00","327,76K","-7,53%"
"10.03.2020","518,00","505,00","550,00","484,10","711,13K","11,40%"
"09.03.2020","465,00","522,00","528,70","455,00","924,60K","-22,89%"
"06.03.2020","603,00","634,95","634,95","601,50","312,14K","-5,46%"
"05.03.2020","637,85","670,00","678,00","631,00","366,04K","-4,80%"
"04.03.2020","670,00","667,05","681,00","660,00","133,01K","0,58%"
"03.03.2020","666,15","684,95","689,95","658,00","256,71K","0,36%"
"02.03.2020","663,75","670,00","688,00","640,00","303,03K","0,60%"
"28.02.2020","659,80","677,50","677,50","638,05","323,50K","-2,83%"
"27.02.2020","679,00","700,00","700,00","663,00","159,09K","-3,01%"
"26.02.2020","700,05","700,00","716,85","695,00","262,30K","-8,85%"
"21.02.2020","768,00","785,00","788,50","761,55","85,99K","-2,17%"
"20.02.2020","785,00","774,30","794,00","774,30","84,88K","1,95%"
"19.02.2020","770,00","770,00","789,00","770,00","66,02K","0,05%"
"18.02.2020","769,65","786,50","786,50","765,00","41,54K","-2,01%"
"17.02.2020","785,45","776,80","790,00","770,05","10,39K","2,47%"
"14.02.2020","766,50","772,00","783,50","760,00","127,56K","-0,20%"
"13.02.2020","768,00","789,95","789,95","746,50","93,76K","-3,15%"
"12.02.2020","793,00","798,00","819,00","780,40","55,74K","-0,13%"
"11.02.2020","794,00","826,20","829,00","786,00","95,59K","-3,75%"
"10.02.2020","824,95","820,00","828,90","810,10","36,40K","0,41%"
"07.02.2020","821,60","830,00","835,95","810,00","99,53K","-0,78%"
"06.02.2020","828,10","826,00","835,00","819,00","85,47K","0,25%"
"05.02.2020","826,00","820,05","839,00","820,05","98,87K","2,35%"
"04.02.2020","807,00","816,00","845,20","802,80","148,66K","-1,22%"
"03.02.2020","817,00","795,00","817,00","790,05","57,24K","4,08%"
"31.01.2020","785,00","806,50","816,00","784,50","71,75K","-2,73%"
"30.01.2020","807,00","799,00","813,35","790,05","73,55K","1,19%"
"29.01.2020","797,50","803,00","817,85","797,50","60,16K","0,31%"
"28.01.2020","795,00","807,00","815,00","789,95","89,31K","-0,13%"
"27.01.2020","796,00","789,95","796,00","772,00","100,02K","-0,13%"
"24.01.2020","797,00","811,10","820,00","794,00","117,35K","-1,73%"
"23.01.2020","811,00","829,95","830,95","805,50","98,22K","-1,70%"
"22.01.2020","825,00","809,90","826,00","802,00","137,76K","1,73%"
"21.01.2020","811,00","854,90","854,90","810,00","183,50K","-4,95%"
"20.01.2020","853,25","829,00","853,70","829,00","39,46K","2,93%"
"17.01.2020","829,00","859,80","859,80","820,05","114,80K","-3,72%"
"16.01.2020","861,00","859,80","864,80","851,00","67,54K","0,58%"
"15.01.2020","856,00","855,00","860,00","834,00","141,80K","0,40%"
"14.01.2020","852,60","853,05","862,50","838,40","90,50K","-0,27%"
"13.01.2020","854,95","860,05","863,00","840,90","153,75K","-0,59%"
"10.01.2020","860,00","856,00","864,85","850,00","95,61K","0,76%"
"09.01.2020","853,50","855,00","859,00","839,85","141,19K","1,19%"
"08.01.2020","843,50","838,50","846,00","821,00","89,47K","0,78%"
"07.01.2020","837,00","863,00","870,00","826,05","99,36K","-2,90%"
"06.01.2020","862,00","846,00","862,00","827,00","73,50K","2,62%"
"03.01.2020","840,00","850,05","863,75","822,80","116,79K","0,36%"
"02.01.2020","837,00","858,05","870,00","829,15","140,12K","-2,45%"
"30.12.2019","858,00","872,95","872,95","836,50","139,41K","-1,80%"
"27.12.2019","873,75","870,00","894,85","866,00","143,28K","0,09%"
"26.12.2019","873,00","831,15","884,75","831,15","233,72K","5,19%"
"23.12.2019","829,95","816,90","840,00","810,50","245,79K","1,47%"
"20.12.2019","817,95","792,05","819,95","792,05","116,79K","3,41%"
"19.12.2019","791,00","784,50","817,00","784,50","123,81K","1,02%"
"18.12.2019","783,00","776,00","800,00","770,00","211,50K","2,49%"
"17.12.2019","764,00","782,00","784,50","750,00","100,09K","-2,67%"
"16.12.2019","784,95","771,00","795,00","771,00","127,28K","2,59%"
"13.12.2019","765,15","770,00","783,95","755,00","109,90K","-0,50%"
"12.12.2019","769,00","752,00","769,00","745,50","137,27K","2,26%"
"11.12.2019","752,00","745,00","769,00","735,00","129,76K","0,87%"
"10.12.2019","745,50","790,00","800,00","740,00","156,35K","-5,51%"
"09.12.2019","789,00","762,00","810,00","762,00","241,62K","4,37%"
"06.12.2019","756,00","736,00","768,00","732,00","111,68K","3,55%"
"05.12.2019","730,10","722,50","740,00","705,00","91,89K","0,76%"
"04.12.2019","724,60","685,00","725,00","685,00","92,39K","5,78%"
"03.12.2019","685,00","705,20","714,00","676,80","126,69K","-3,25%"
"02.12.2019","708,00","722,00","725,00","698,05","57,61K","-1,94%"
"29.11.2019","722,00","719,50","723,00","703,00","67,75K","0,85%"
"28.11.2019","715,95","707,90","715,95","707,90","25,16K","1,12%"
"27.11.2019","708,00","704,00","713,00","685,00","60,82K","4,12%"
"26.11.2019","680,00","712,90","715,00","675,05","87,48K","-4,67%"
"25.11.2019","713,30","710,00","728,00","704,45","68,24K","0,39%"
"22.11.2019","710,50","699,50","711,15","695,00","91,38K","2,45%"
"21.11.2019","693,50","710,00","710,00","686,00","81,86K","-1,49%"
"20.11.2019","704,00","690,00","709,50","690,00","113,77K","2,18%"
"19.11.2019","689,00","706,00","706,00","655,05","191,49K","-3,23%"
"15.11.2019","712,00","699,50","723,95","690,00","68,52K","2,01%"
"14.11.2019","698,00","688,00","704,10","681,00","97,36K","1,31%"
"13.11.2019","689,00","705,00","717,10","683,00","71,25K","-2,82%"
"12.11.2019","709,00","720,00","725,00","685,05","76,42K","-2,21%"
"11.11.2019","725,00","742,50","750,00","710,00","68,63K","-2,57%"
"08.11.2019","744,10","754,00","754,00","738,00","121,93K","-1,29%"
"07.11.2019","753,80","740,00","761,30","731,00","121,49K","1,99%"
"06.11.2019","739,10","782,00","786,95","733,00","90,62K","-5,46%"
"05.11.2019","781,75","789,00","796,00","770,05","164,52K","-0,92%"
"04.11.2019","789,00","771,50","794,00","764,00","160,28K","3,30%"
"01.11.2019","763,80","760,00","779,95","756,00","189,40K","1,17%"
"31.10.2019","755,00","748,95","760,00","738,00","200,57K","0,80%"
"30.10.2019","749,00","722,00","749,00","711,00","176,69K","3,74%"
"29.10.2019","722,00","729,00","745,00","710,00","201,56K","-0,92%"
"28.10.2019","728,70","760,00","813,50","725,15","171,69K","-3,80%"
"25.10.2019","757,50","739,00","770,00","735,00","342,38K","2,92%"
"24.10.2019","736,00","698,95","736,00","682,55","131,56K","4,58%"
"23.10.2019","703,75","718,00","719,50","691,05","319,00K","-0,74%"
"22.10.2019","709,00","689,80","719,50","689,80","303,27K","2,60%"
"21.10.2019","691,00","675,05","694,15","670,00","94,33K","2,68%"
"18.10.2019","672,95","673,00","692,00","661,00","218,23K","-0,30%"
"17.10.2019","675,00","627,00","680,00","625,00","225,31K","7,66%"
"16.10.2019","627,00","639,50","639,50","624,15","226,56K","-1,89%"
"15.10.2019","639,05","644,00","649,25","623,50","207,71K","-0,92%"
"11.10.2019","645,00","649,95","658,10","642,00","162,24K","-0,31%"
"10.10.2019","647,00","620,85","651,50","620,00","109,71K","4,35%"
"09.10.2019","620,00","623,00","625,00","616,00","163,75K","-0,48%"
"08.10.2019","623,00","624,00","628,00","607,00","120,56K","-0,40%"
"07.10.2019","625,50","647,00","659,00","625,00","119,45K","-3,10%"
"04.10.2019","645,50","621,00","651,00","620,00","150,28K","4,18%"
"03.10.2019","619,60","637,00","648,90","619,60","185,54K","-3,11%"
"02.10.2019","639,50","619,00","641,00","614,65","131,45K","2,98%"
"01.10.2019","621,00","600,00","622,00","593,05","95,67K","4,55%"
"30.09.2019","594,00","580,05","598,95","580,05","154,11K","-0,67%"
"27.09.2019","598,00","591,95","605,95","590,00","96,90K","2,97%"
"26.09.2019","580,75","589,00","599,95","580,00","105,13K","-1,22%"
"25.09.2019","587,90","587,00","595,10","578,00","123,28K","0,50%"
"24.09.2019","585,00","610,00","610,00","576,50","160,80K","-3,62%"
"23.09.2019","607,00","634,90","634,90","598,00","105,36K","-4,69%"
"20.09.2019","636,90","635,05","645,00","628,05","75,14K","-0,37%"
"19.09.2019","639,25","618,00","642,00","615,00","130,32K","3,69%"
"18.09.2019","616,50","615,00","619,00","590,05","124,38K","0,57%"
"17.09.2019","613,00","624,00","624,00","600,00","195,60K","-2,70%"
"16.09.2019","630,00","650,00","670,00","625,00","199,77K","0,80%"
"13.09.2019","625,00","599,00","634,00","599,00","198,80K","4,52%"
"12.09.2019","598,00","592,50","609,55","580,00","112,63K","0,84%"
"11.09.2019","593,00","610,00","611,00","589,50","175,06K","-1,00%"
"10.09.2019","599,00","590,00","602,00","580,05","166,80K","3,28%"
"09.09.2019","580,00","615,00","626,00","573,00","310,20K","-4,92%"
"06.09.2019","610,00","600,00","623,00","592,00","469,99K","4,71%"
"05.09.2019","582,55","555,00","595,00","550,00","379,97K","10,12%"
"04.09.2019","529,00","520,00","529,00","507,00","572,56K","4,34%"
"03.09.2019","507,00","534,95","544,95","488,30","474,16K","-14,07%"
"02.09.2019","590,00","554,00","609,00","554,00","91,63K","6,69%"
"30.08.2019","553,00","530,00","575,00","522,65","234,45K","5,82%"
"29.08.2019","522,60","519,80","530,00","501,05","222,12K","-0,74%"
"28.08.2019","526,50","520,00","530,95","516,00","163,28K","2,43%"
"27.08.2019","514,00","523,20","523,25","500,00","167,97K","-2,10%"
"26.08.2019","525,00","533,00","533,00","515,00","102,14K","-1,87%"
"23.08.2019","535,00","540,00","542,00","525,10","129,80K","-2,64%"
"22.08.2019","549,50","555,95","559,90","545,00","165,90K","-0,81%"
"21.08.2019","554,00","537,00","564,00","537,00","255,39K","2,59%"
"20.08.2019","540,00","568,95","575,00","534,00","259,54K","-9,85%"
"16.08.2019","599,00","621,95","621,95","593,00","187,72K","-3,95%"
"15.08.2019","623,65","628,15","647,05","610,00","445,88K","-2,10%"
"14.08.2019","637,00","667,95","667,95","622,40","323,83K","-3,78%"
"13.08.2019","662,00","653,00","739,00","628,15","440,89K","4,29%"
"12.08.2019","634,75","590,05","745,00","590,05","297,24K","-16,32%"
"09.08.2019","758,55","710,00","765,00","709,00","105,54K","6,99%"
"08.08.2019","709,00","720,00","723,00","703,90","83,82K","-2,04%"
"07.08.2019","723,80","705,00","745,10","705,00","122,46K","1,64%"
"06.08.2019","712,10","710,00","715,00","709,60","38,87K","1,14%"
"05.08.2019","704,10","710,95","710,95","696,00","64,22K","-1,12%"
"02.08.2019","712,10","721,50","726,95","712,00","53,29K","-0,89%"
"01.08.2019","718,50","732,00","743,60","718,50","90,81K","-1,76%"
"31.07.2019","731,35","735,50","745,00","720,05","64,69K","-0,56%"
"30.07.2019","735,50","742,65","747,50","735,00","44,49K","-0,74%"
"29.07.2019","741,00","732,80","750,00","729,00","78,89K","1,09%"
"26.07.2019","733,00","724,00","734,80","718,00","56,36K","1,10%"
"25.07.2019","725,00","726,45","726,45","715,00","54,13K","-0,32%"
"24.07.2019","727,30","717,65","739,05","715,55","52,04K","1,44%"
"23.07.2019","717,00","720,05","727,50","713,00","70,08K","-0,01%"
"22.07.2019","717,10","730,15","737,45","710,00","79,02K","-2,30%"
"19.07.2019","734,00","754,00","759,95","733,00","63,63K","-2,65%"
"18.07.2019","754,00","764,95","764,95","747,00","25,42K","-1,63%"
"17.07.2019","766,50","774,00","774,35","762,00","36,13K","-0,69%"
"16.07.2019","771,80","777,00","780,00","761,80","51,65K","0,76%"
"15.07.2019","766,00","771,00","774,90","763,00","124,51K","0,52%"
"12.07.2019","762,00","773,50","779,00","762,00","101,47K","-1,45%"
"11.07.2019","773,25","770,00","774,95","767,05","100,10K","0,42%"
"10.07.2019","770,00","762,00","779,85","755,00","126,70K","0,02%"
"05.07.2019","769,85","771,00","774,00","760,00","55,93K","-0,25%"
"04.07.2019","771,75","772,00","782,50","769,05","9,37K","-0,23%"
"03.07.2019","773,50","762,05","775,00","762,00","29,61K","1,78%"
"02.07.2019","760,00","781,10","787,90","760,00","74,85K","-3,06%"
"01.07.2019","784,00","787,95","788,00","776,20","48,76K","0,45%"
"28.06.2019","780,50","784,50","784,90","770,00","98,12K","-0,96%"
"27.06.2019","788,10","779,00","791,00","777,25","130,49K","1,30%"
"26.06.2019","778,00","771,05","792,00","771,00","188,96K","0,91%"
"25.06.2019","771,00","771,05","779,95","760,50","156,24K","-0,01%"
"24.06.2019","771,10","775,00","775,00","763,25","141,15K","-1,65%"
"21.06.2019","784,00","766,00","784,00","766,00","136,76K","2,83%"
"19.06.2019","762,40","770,50","777,00","762,00","66,36K","-0,99%"
"18.06.2019","770,00","766,05","780,00","766,05","126,64K","2,39%"
"14.06.2019","752,00","747,05","764,95","747,05","79,94K","0,80%"
"13.06.2019","746,00","749,95","760,00","740,00","137,85K","-0,67%"
"12.06.2019","751,00","742,00","767,00","742,00","175,76K","1,10%"
"11.06.2019","742,80","720,05","744,00","712,55","130,95K","2,67%"
"10.06.2019","723,50","706,00","725,45","702,00","117,76K","2,99%"
"07.06.2019","702,50","689,80","705,00","680,00","60,48K","2,41%"
"06.06.2019","686,00","681,10","687,95","670,00","72,64K","1,58%"
"05.06.2019","675,35","674,00","680,00","667,00","52,10K","-0,54%"
"04.06.2019","679,00","678,00","679,85","662,50","34,32K","1,19%"
"03.06.2019","671,00","670,10","680,00","658,00","69,35K","1,13%"
"31.05.2019","663,50","668,90","672,00","657,05","56,82K","-1,12%"
"30.05.2019","671,00","671,00","683,90","666,00","65,36K","0,15%"
"29.05.2019","670,00","680,00","680,00","662,55","163,98K","-4,29%"
"28.05.2019","700,00","699,40","716,95","694,10","80,61K","-0,04%"
"27.05.2019","700,30","690,00","702,00","688,45","20,88K","1,49%"
"24.05.2019","690,00","680,00","693,00","673,05","78,42K","2,64%"
"23.05.2019","672,25","679,50","683,00","664,90","42,50K","-1,57%"
"22.05.2019","683,00","686,95","686,95","671,40","134,75K","-0,73%"
"21.05.2019","688,00","705,00","705,00","680,05","83,70K","-1,96%"
"20.05.2019","701,75","697,50","708,00","697,00","58,15K","0,62%"
"17.05.2019","697,45","704,05","716,00","690,50","65,92K","-0,93%"
"16.05.2019","704,00","684,00","705,00","684,00","104,18K","3,38%"
"15.05.2019","681,00","670,80","687,75","658,00","51,20K","3,73%"
"14.05.2019","656,50","645,50","662,65","645,50","86,55K","2,88%"
"13.05.2019","638,10","660,00","660,00","635,00","131,68K","-3,24%"
"10.05.2019","659,50","675,00","678,00","658,50","149,55K","-3,44%"
"09.05.2019","683,00","676,00","700,00","670,00","122,53K","0,59%"
"08.05.2019","679,00","675,00","685,00","670,00","108,97K","1,04%"
"07.05.2019","672,00","653,00","672,00","646,60","71,67K","2,13%"
"06.05.2019","658,00","642,50","665,00","640,00","115,25K","3,62%"
"03.05.2019","635,00","615,00","646,95","615,00","134,72K","4,18%"
"02.05.2019","609,50","606,00","612,00","598,00","51,31K","1,58%"
"30.04.2019","600,00","605,00","605,00","591,00","33,68K","2,04%"
"29.04.2019","588,00","605,00","608,00","585,00","63,66K","-4,39%"
"26.04.2019","615,00","610,00","626,00","596,00","60,48K","0,49%"
"25.04.2019","612,00","621,95","623,95","591,05","126,35K","-2,86%"
"24.04.2019","630,00","629,35","641,90","618,00","102,09K","-0,30%"
"23.04.2019","631,90","615,05","634,00","615,05","50,69K","2,75%"
"22.04.2019","615,00","625,00","625,00","610,00","93,08K","-3,15%"
"17.04.2019","635,00","639,95","639,95","621,05","132,74K","-0,78%"
"16.04.2019","640,00","630,00","640,00","625,05","112,69K","2,56%"
"15.04.2019","624,05","615,00","624,15","612,00","108,32K","0,47%"
"12.04.2019","621,10","630,00","630,00","617,70","71,29K","-1,72%"
"11.04.2019","632,00","639,80","639,80","620,15","56,72K","-2,02%"
"10.04.2019","645,00","636,70","649,95","636,70","66,41K","1,65%"
"09.04.2019","634,50","651,00","657,50","633,00","129,80K","-2,53%"
"08.04.2019","651,00","640,00","656,50","640,00","110,68K","2,52%"
"05.04.2019","635,00","632,00","640,00","630,00","51,93K","1,28%"
"04.04.2019","627,00","620,00","630,00","620,00","65,34K","2,25%"
"03.04.2019","613,20","616,50","626,00","612,00","77,48K","-0,45%"
"01.04.2019","616,00","610,00","620,00","610,00","83,63K","1,15%"
"29.03.2019","609,00","596,10","613,05","596,10","79,34K","2,35%"
"28.03.2019","595,00","591,10","598,00","582,25","37,71K","1,54%"
"27.03.2019","586,00","580,00","594,00","579,00","70,04K","-0,51%"
"26.03.2019","589,00","586,00","598,00","578,00","117,79K","1,90%"
"25.03.2019","578,00","561,05","581,50","561,05","139,56K","0,35%"
"22.03.2019","576,00","592,00","592,00","575,05","63,79K","-3,03%"
"21.03.2019","594,00","587,00","596,00","584,25","42,42K","0,51%"
"20.03.2019","591,00","575,10","597,50","575,10","183,43K","2,78%"
"19.03.2019","575,00","585,00","594,00","575,00","111,54K","-1,73%"
"18.03.2019","585,15","576,00","589,00","576,00","54,88K","1,41%"
"15.03.2019","577,00","574,00","580,95","568,00","111,81K","0,96%"
"14.03.2019","571,50","578,00","585,00","566,55","30,39K","-0,80%"
"13.03.2019","576,10","567,50","582,45","567,50","83,42K","1,43%"
"12.03.2019","568,00","567,05","572,25","563,00","57,52K","1,43%"
"11.03.2019","560,00","540,50","566,00","540,50","79,79K","5,26%"
"08.03.2019","532,00","545,00","545,00","524,00","67,20K","-1,85%"
"07.03.2019","542,00","511,00","543,00","511,00","99,75K","7,97%"
"06.03.2019","502,00","526,00","535,00","501,00","222,25K","-9,04%"
"01.03.2019","551,90","555,00","566,45","545,00","32,85K","-0,74%"
"28.02.2019","556,00","560,00","563,00","545,00","51,16K","-0,98%"
"27.02.2019","561,50","561,05","575,00","558,00","39,69K","-1,14%"
"26.02.2019","568,00","585,00","585,00","563,00","42,26K","-1,56%"
"25.02.2019","577,00","594,00","597,00","570,05","66,34K","-3,03%"
"22.02.2019","595,00","578,80","595,00","578,80","109,55K","2,94%"
"21.02.2019","578,00","590,00","590,00","578,00","54,68K","-1,78%"
"20.02.2019","588,50","590,00","603,00","585,00","169,59K","1,12%"
"19.02.2019","582,00","594,10","599,00","579,50","55,08K","-2,43%"
"18.02.2019","596,50","605,05","605,20","593,00","22,38K","-1,39%"
"15.02.2019","604,90","605,00","606,95","599,00","52,01K","-0,13%"
"14.02.2019","605,70","597,00","606,00","594,00","59,15K","0,99%"
"13.02.2019","599,75","605,55","610,00","592,05","101,36K","-1,36%"
"12.02.2019","608,00","585,10","608,00","585,10","74,47K","4,02%"
"11.02.2019","584,50","592,00","598,00","582,25","63,02K","-1,20%"
"08.02.2019","591,60","582,00","593,00","576,40","71,62K","1,48%"
"07.02.2019","583,00","606,00","606,00","577,00","108,89K","-3,64%"
"06.02.2019","605,00","613,00","616,00","603,75","115,85K","-1,47%"
"05.02.2019","614,00","620,00","620,00","609,00","112,08K","-0,35%"
"04.02.2019","616,15","610,00","622,00","605,75","87,23K","0,11%"
"01.02.2019","615,50","606,00","617,00","600,00","163,97K","1,40%"
"31.01.2019","607,00","585,00","607,50","585,00","93,34K","2,02%"
"30.01.2019","595,00","587,00","601,00","587,00","63,84K","1,02%"
"29.01.2019","589,00","567,70","591,45","567,70","96,06K","3,52%"
"28.01.2019","568,95","575,00","575,00","562,00","53,55K","-1,81%"
"25.01.2019","579,45","590,00","592,50","574,50","57,03K","-2,11%"
"24.01.2019","591,95","568,00","593,00","568,00","149,25K","4,31%"
"23.01.2019","567,50","572,00","580,00","561,05","62,89K","-1,03%"
"22.01.2019","573,40","598,50","598,50","562,05","142,27K","-4,03%"
"21.01.2019","597,50","575,05","598,00","572,05","49,94K","3,28%"
"18.01.2019","578,50","563,00","583,50","563,00","83,58K","2,94%"
"17.01.2019","562,00","554,35","564,00","550,15","73,15K","1,35%"
"16.01.2019","554,50","535,00","557,00","535,00","65,75K","4,23%"
"15.01.2019","532,00","540,85","548,00","532,00","40,59K","-0,56%"
"14.01.2019","535,00","548,90","548,90","532,00","41,34K","-2,73%"
"11.01.2019","550,00","534,00","550,00","529,00","70,85K","2,80%"
"10.01.2019","535,00","538,00","544,50","533,50","95,59K","-1,29%"
"09.01.2019","542,00","536,50","555,00","536,00","86,92K","0,74%"
"08.01.2019","538,00","540,00","547,00","520,00","141,70K","-0,09%"
"07.01.2019","538,50","538,00","548,50","536,00","42,96K","0,09%"
"04.01.2019","538,00","518,70","549,00","518,70","67,30K","3,66%"
"03.01.2019","519,00","515,00","525,00","513,60","30,20K","0,58%"
"02.01.2019","516,00","502,15","525,00","495,00","23,89K","2,89%"
"28.12.2018","501,50","507,00","520,00","493,00","50,65K","-0,10%"
"27.12.2018","502,00","500,00","515,95","498,00","73,92K","0,40%"
"26.12.2018","500,00","480,00","505,00","460,00","122,86K","3,95%"
"21.12.2018","481,00","496,00","507,00","475,00","58,70K","-2,63%"
"20.12.2018","494,00","510,00","511,00","491,00","51,00K","-2,47%"
"19.12.2018","506,50","500,05","521,50","500,05","106,50K","-0,30%"
"18.12.2018","508,00","524,00","534,95","505,00","74,40K","-2,68%"
"17.12.2018","522,00","535,55","550,05","520,00","72,18K","-5,13%"
"14.12.2018","550,20","550,90","554,00","536,00","21,44K","1,87%"
"13.12.2018","540,10","545,00","552,50","530,00","31,10K","-0,53%"
"12.12.2018","543,00","542,05","554,85","539,90","32,12K","0,74%"
"11.12.2018","539,00","540,00","560,00","539,00","42,90K","-3,21%"
"10.12.2018","556,90","560,00","564,00","545,05","32,97K","-0,73%"
"07.12.2018","561,00","582,95","584,00","555,00","58,54K","-1,92%"
"06.12.2018","572,00","582,00","583,00","555,00","45,46K","-3,17%"
"05.12.2018","590,75","586,00","601,95","585,00","25,21K","0,39%"
"04.12.2018","588,45","575,00","591,70","571,00","80,30K","2,54%"
"03.12.2018","573,90","570,05","586,00","570,00","94,16K","0,51%"
"29.11.2018","571,00","579,00","580,00","562,00","29,00K","-1,04%"
"28.11.2018","577,00","555,00","581,95","553,00","63,98K","2,30%"
"27.11.2018","564,00","560,00","581,00","560,00","82,49K","-1,23%"
"26.11.2018","571,00","560,00","578,50","556,00","85,55K","1,87%"
"23.11.2018","560,50","540,00","562,00","535,00","58,93K","2,00%"
"22.11.2018","549,50","547,20","549,70","541,00","6,35K","0,29%"
"21.11.2018","547,90","541,75","556,80","541,75","50,53K","1,65%"
"20.11.2018","539,00","550,00","559,90","539,00","69,39K","-6,10%"
"16.11.2018","574,00","573,00","586,00","568,05","81,94K","0,00%"
"15.11.2018","574,00","550,50","581,00","550,50","60,13K","3,99%"
"14.11.2018","552,00","535,05","554,90","535,05","43,47K","2,22%"
"13.11.2018","540,00","561,90","561,90","532,00","99,84K","-4,26%"
"12.11.2018","564,00","554,95","569,95","551,05","60,00K","3,33%"
"09.11.2018","545,80","551,05","558,50","530,00","44,68K","-2,97%"
"08.11.2018","562,50","583,00","584,00","561,00","28,63K","-3,02%"
"07.11.2018","580,00","580,00","586,45","570,00","51,39K","0,52%"
"06.11.2018","577,00","578,10","584,95","572,50","21,84K","-0,35%"
"05.11.2018","579,00","565,00","579,00","552,00","42,20K","2,12%"
"02.11.2018","567,00","569,95","571,95","552,00","56,81K","0,18%"
"01.11.2018","566,00","550,00","566,00","541,85","89,78K","4,85%"
"31.10.2018","539,80","530,00","547,50","525,00","204,11K","-1,50%"
"30.10.2018","548,00","555,00","557,90","543,00","78,20K","0,00%"
"29.10.2018","548,00","555,50","569,95","537,50","98,22K","-0,72%"
"26.10.2018","552,00","533,95","563,95","525,00","127,81K","2,22%"
"25.10.2018","540,00","510,00","541,50","510,00","129,39K","8,22%"
"24.10.2018","499,00","510,00","516,30","490,00","117,79K","-3,48%"
"23.10.2018","517,00","519,90","525,00","510,00","85,92K","-0,58%"
"22.10.2018","520,00","528,45","528,45","501,00","86,62K","-1,88%"
"19.10.2018","529,95","526,05","530,00","514,00","47,18K","0,18%"
"18.10.2018","529,00","529,95","532,95","523,00","90,85K","-0,28%"
"17.10.2018","530,50","530,50","534,00","525,00","48,25K","0,28%"
"16.10.2018","529,00","550,00","550,00","525,00","73,51K","-3,29%"
"12.10.2018","547,00","526,00","550,00","526,00","45,68K","4,19%"
"11.10.2018","525,00","543,00","559,45","520,00","83,41K","-3,49%"
"10.10.2018","544,00","560,00","560,00","544,00","58,98K","-4,56%"
"09.10.2018","570,00","564,00","570,00","546,00","64,71K","-0,09%"
"08.10.2018","570,50","550,00","574,95","545,00","68,60K","3,73%"
"05.10.2018","550,00","572,20","575,00","545,00","80,69K","-4,35%"
"04.10.2018","575,00","593,95","595,00","564,00","102,13K","-3,18%"
"03.10.2018","593,90","597,95","602,95","586,05","101,92K","-0,77%"
"02.10.2018","598,50","608,90","608,90","590,00","98,78K","-0,42%"
"01.10.2018","601,00","655,00","655,00","600,00","104,35K","-6,68%"
"28.09.2018","644,00","641,65","654,95","634,00","76,51K","0,31%"
"27.09.2018","642,00","620,00","653,00","620,00","109,34K","1,42%"
"26.09.2018","633,00","634,80","647,45","626,50","57,78K","-0,16%"
"25.09.2018","634,00","619,00","649,05","615,05","60,04K","2,42%"
"24.09.2018","619,00","640,00","649,75","600,00","71,24K","-3,07%"
"21.09.2018","638,60","659,75","662,00","636,00","101,51K","-3,68%"
"20.09.2018","663,00","656,00","668,95","638,00","151,18K","1,24%"
"19.09.2018","654,90","634,95","669,50","625,05","156,08K","2,33%"
"18.09.2018","640,00","600,00","644,90","597,00","111,13K","7,02%"
"17.09.2018","598,00","590,00","600,00","590,00","85,95K","-0,17%"
"14.09.2018","599,00","599,00","609,90","583,00","40,37K","-0,17%"
"13.09.2018","600,00","575,65","603,00","575,65","105,05K","4,53%"
"12.09.2018","574,00","563,05","577,95","563,05","27,76K","2,14%"
"11.09.2018","562,00","540,00","562,00","530,05","81,10K","0,72%"
"10.09.2018","558,00","570,00","578,95","553,55","31,87K","-2,11%"
"07.09.2018","570,00","589,00","589,00","570,00","91,85K","-0,70%"
"06.09.2018","574,00","590,00","595,00","566,00","104,94K","0,69%"
"05.09.2018","570,05","560,45","586,00","540,00","99,45K","1,43%"
"04.09.2018","562,00","553,55","580,00","553,55","72,16K","2,37%"
"03.09.2018","549,00","560,00","580,00","549,00","49,48K","-3,48%"
"31.08.2018","568,80","538,95","577,00","530,05","266,99K","5,33%"
"30.08.2018","540,00","523,00","589,00","520,00","201,06K","4,45%"
"29.08.2018","517,00","492,70","521,00","492,55","125,37K","4,93%"
"28.08.2018","492,70","495,00","498,50","479,95","73,84K","-0,78%"
"27.08.2018","496,55","471,00","497,95","471,00","78,25K","4,69%"
"24.08.2018","474,30","480,00","482,00","468,00","148,01K","-3,01%"
"23.08.2018","489,00","487,00","493,00","481,05","135,16K","0,39%"
"22.08.2018","487,10","464,95","490,00","464,95","132,26K","4,53%"
"21.08.2018","466,00","463,05","470,00","461,35","163,13K","4,13%"
"17.08.2018","447,50","453,95","453,95","443,05","164,09K","-1,54%"
"16.08.2018","454,50","453,00","459,00","450,00","140,67K","0,66%"
"15.08.2018","451,50","456,00","458,00","446,00","125,63K","-0,55%"
"14.08.2018","454,00","445,00","457,00","437,80","111,08K","1,45%"
"13.08.2018","447,50","439,00","453,50","435,00","154,62K","0,56%"
"10.08.2018","445,00","428,95","445,00","422,00","143,96K","3,73%"
"09.08.2018","429,00","423,95","433,00","421,00","113,09K","0,23%"
"08.08.2018","428,00","432,05","440,00","425,00","142,73K","-1,83%"
"07.08.2018","436,00","444,50","444,50","435,00","116,78K","-1,80%"
"06.08.2018","444,00","451,95","451,95","442,15","92,39K","-1,77%"
"03.08.2018","452,00","445,05","454,50","445,05","102,41K","3,43%"
"02.08.2018","437,00","440,00","445,00","436,10","160,46K","-1,35%"
"01.08.2018","443,00","451,15","451,15","442,35","207,02K","-1,99%"
"31.07.2018","452,00","448,00","453,00","446,20","102,35K","1,23%"
"30.07.2018","446,50","455,55","458,00","440,45","153,80K","-1,87%"
"27.07.2018","455,00","459,10","471,95","452,15","199,35K","-0,27%"
"26.07.2018","456,25","470,00","470,00","450,20","201,18K","-3,34%"
"25.07.2018","472,00","469,95","472,50","465,00","144,17K","0,85%"
"24.07.2018","468,00","455,00","471,00","455,00","195,73K","3,11%"
"23.07.2018","453,90","447,60","455,70","447,50","110,86K","0,64%"
"20.07.2018","451,00","430,05","455,00","430,05","299,23K","4,88%"
"19.07.2018","430,00","426,95","432,95","424,00","98,62K","-0,46%"
"18.07.2018","432,00","420,75","433,00","420,00","139,78K","2,13%"
"17.07.2018","423,00","411,05","424,00","411,00","152,09K","3,40%"
"16.07.2018","409,10","411,80","412,00","406,65","163,70K","-0,70%"
"13.07.2018","412,00","410,95","413,00","409,25","86,31K","0,27%"
"12.07.2018","410,90","404,00","412,85","404,00","195,36K","1,72%"
"11.07.2018","403,95","411,00","415,00","400,00","244,87K","-2,07%"
"10.07.2018","412,50","421,05","425,00","408,05","119,23K","1,10%"
"06.07.2018","408,00","419,95","420,00","405,00","126,69K","-2,97%"
"05.07.2018","420,50","418,00","423,40","412,00","236,54K","-0,36%"
"04.07.2018","422,00","409,00","427,10","408,00","121,58K","3,69%"
"03.07.2018","407,00","385,00","407,00","385,00","262,89K","8,53%"
"02.07.2018","375,00","387,00","392,95","374,00","361,77K","-3,10%"
"29.06.2018","387,00","397,00","407,95","387,00","232,73K","-2,52%"
"28.06.2018","397,00","395,00","407,80","388,50","249,97K","1,79%"
"27.06.2018","390,00","416,00","416,95","388,00","286,89K","-6,53%"
"26.06.2018","417,25","423,00","423,00","410,55","200,33K","-1,65%"
"25.06.2018","424,25","448,00","448,00","410,00","177,09K","-7,08%"
"22.06.2018","456,60","480,00","480,00","452,55","147,90K","-2,44%"
"21.06.2018","468,00","490,00","492,00","468,00","287,39K","0,43%"
"19.06.2018","466,00","447,00","477,95","447,00","133,26K","4,25%"
"18.06.2018","447,00","475,00","475,00","443,05","125,03K","-7,26%"
"15.06.2018","482,00","473,00","482,00","466,00","118,49K","1,04%"
"14.06.2018","477,05","460,00","480,00","460,00","142,83K","3,71%"
"13.06.2018","460,00","456,00","464,00","446,05","101,89K","0,66%"
"12.06.2018","457,00","471,75","471,75","449,00","98,34K","-3,14%"
"11.06.2018","471,80","462,00","472,50","457,00","175,96K","2,57%"
"08.06.2018","460,00","465,00","472,45","449,90","158,02K","2,34%"
"07.06.2018","449,50","443,95","455,00","440,00","176,03K","2,16%"
"06.06.2018","440,00","457,00","457,00","436,15","159,14K","-3,72%"
"05.06.2018","457,00","450,10","470,00","448,00","141,87K","1,78%"
"04.06.2018","449,00","458,00","460,95","445,00","74,89K","-1,48%"
"01.06.2018","455,75","453,00","462,00","450,00","126,96K","0,83%"
"31.05.2018","452,00","452,00","456,95","443,50","96,41K","0,00%"
"30.05.2018","452,00","467,00","469,00","448,00","104,00K","-3,21%"
"29.05.2018","467,00","456,05","474,45","456,05","207,33K","4,71%"
"28.05.2018","446,00","465,00","465,00","443,00","61,25K","-5,01%"
"24.05.2018","469,50","475,00","475,00","455,00","130,98K","-1,57%"
"23.05.2018","477,00","479,00","482,85","473,00","69,33K","-0,21%"
"22.05.2018","478,00","490,30","490,50","475,00","74,78K","-2,39%"
"21.05.2018","489,70","495,00","495,00","486,00","71,19K","-1,07%"
"18.05.2018","495,00","490,05","499,00","490,05","51,40K","-0,20%"
"17.05.2018","496,00","491,35","497,00","486,25","59,56K","1,22%"
"16.05.2018","490,00","475,00","490,00","468,10","231,81K","2,08%"
"15.05.2018","480,00","511,00","524,95","479,00","167,91K","-5,88%"
"14.05.2018","510,00","500,10","515,00","494,55","206,85K","1,39%"
"11.05.2018","503,00","479,50","505,00","479,50","258,62K","4,90%"
"10.05.2018","479,50","456,05","482,00","456,05","196,64K","5,44%"
"09.05.2018","454,75","434,00","455,00","434,00","174,32K","5,27%"
"08.05.2018","432,00","430,00","445,95","425,05","354,17K","-1,48%"
"07.05.2018","438,50","434,00","445,00","434,00","182,82K","1,04%"
"04.05.2018","434,00","440,00","450,50","432,00","138,11K","-2,25%"
"03.05.2018","444,00","441,90","449,00","435,00","151,74K","-0,22%"
"02.05.2018","445,00","455,00","455,00","440,00","106,55K","-2,41%"
"27.04.2018","456,00","458,95","458,95","447,00","75,75K","-0,87%"
"26.04.2018","460,00","450,05","461,85","449,10","103,36K","1,77%"
"25.04.2018","452,00","450,00","454,00","445,05","121,27K","-0,23%"
"24.04.2018","453,05","460,15","468,00","453,00","92,84K","-1,40%"
"23.04.2018","459,50","458,50","462,95","456,00","99,92K","0,71%"
"20.04.2018","456,25","463,00","463,00","455,55","54,85K","-1,67%"
"19.04.2018","464,00","462,00","464,00","456,00","194,56K","1,09%"
"18.04.2018","459,00","458,00","464,00","457,00","106,03K","0,55%"
"17.04.2018","456,50","445,00","459,95","445,00","83,32K","2,82%"
"16.04.2018","444,00","451,00","452,70","440,00","72,80K","-1,55%"
"13.04.2018","451,00","452,50","453,95","448,55","36,43K","-0,33%"
"12.04.2018","452,50","447,00","452,50","446,60","74,60K","1,25%"
"11.04.2018","446,90","444,00","448,00","444,00","73,38K","0,95%"
"10.04.2018","442,70","436,55","447,60","433,00","73,80K","2,24%"
"09.04.2018","433,00","430,00","435,00","430,00","73,69K","1,41%"
"06.04.2018","427,00","434,95","434,95","425,25","32,50K","-1,41%"
"05.04.2018","433,10","430,15","436,95","430,15","53,16K","0,72%"
"04.04.2018","430,00","430,00","431,00","424,10","38,53K","-0,92%"
"03.04.2018","434,00","431,00","438,00","428,35","37,69K","0,46%"
"28.03.2018","432,00","431,00","437,85","431,00","67,58K","-0,23%"
"27.03.2018","433,00","439,50","441,00","430,00","62,84K","-1,81%"
"26.03.2018","441,00","426,15","442,00","426,15","118,21K","3,81%"
"23.03.2018","424,80","432,10","434,25","420,00","196,92K","-1,21%"
"22.03.2018","430,00","444,30","444,30","430,00","53,64K","-3,43%"
"21.03.2018","445,25","436,05","448,00","435,00","65,50K","2,59%"
"20.03.2018","434,00","429,00","434,50","428,05","80,22K","1,40%"
"19.03.2018","428,00","434,05","434,05","425,00","95,18K","-1,38%"
"16.03.2018","434,00","439,55","445,95","434,00","54,90K","-0,69%"
"15.03.2018","437,00","442,00","447,95","434,25","116,14K","-0,11%"
"14.03.2018","437,50","449,95","449,95","437,50","95,77K","-2,13%"
"13.03.2018","447,00","446,60","453,00","443,50","54,29K","-0,45%"
"12.03.2018","449,00","454,90","455,00","443,50","138,87K","-1,09%"
"09.03.2018","453,95","454,00","465,00","452,05","142,51K","-0,21%"
"08.03.2018","454,90","456,30","462,00","450,00","45,58K","-0,66%"
"07.03.2018","457,90","460,00","460,00","452,25","16,62K","-0,56%"
"06.03.2018","460,50","460,00","461,90","451,90","82,55K","1,99%"
"05.03.2018","451,50","454,00","464,00","451,00","115,37K","0,11%"
"02.03.2018","451,00","452,00","457,00","447,00","128,57K","-2,17%"
"01.03.2018","461,00","467,00","470,00","458,50","96,30K","-1,91%"
"28.02.2018","470,00","482,40","482,40","466,00","65,11K","-1,88%"
"27.02.2018","479,00","482,00","487,00","469,00","134,33K","-0,21%"
"26.02.2018","480,00","471,55","484,95","471,00","92,12K","2,32%"
"23.02.2018","469,10","475,00","480,45","469,00","93,46K","-1,35%"
"22.02.2018","475,50","455,15","479,45","455,15","82,70K","1,82%"
"21.02.2018","467,00","460,00","469,95","460,00","125,55K","1,19%"
"20.02.2018","461,50","467,00","469,00","460,50","74,25K","-1,24%"
"19.02.2018","467,30","460,30","468,00","460,00","30,43K","1,48%"
"16.02.2018","460,50","451,50","463,95","448,05","109,47K","2,11%"
"15.02.2018","451,00","457,50","463,00","450,10","96,21K","-1,49%"
"14.02.2018","457,80","440,00","457,80","438,50","165,88K","8,55%"
"09.02.2018","421,75","430,50","438,30","413,00","175,70K","-2,76%"
"08.02.2018","433,70","439,10","448,00","429,00","172,67K","-1,21%"
"07.02.2018","439,00","449,00","460,00","435,00","142,80K","-2,23%"
"06.02.2018","449,00","437,50","453,30","427,25","298,19K","2,63%"
"05.02.2018","437,50","455,50","457,00","437,50","145,64K","-4,06%"
"02.02.2018","456,00","475,00","475,00","451,05","128,18K","-4,00%"
"01.02.2018","475,00","480,00","480,00","465,05","57,98K","-0,52%"
"31.01.2018","477,50","473,00","479,95","472,00","112,30K","1,11%"
"30.01.2018","472,25","485,50","485,50","468,00","179,26K","-2,63%"
"29.01.2018","485,00","509,95","509,95","483,00","221,61K","-4,90%"
"26.01.2018","510,00","518,40","518,40","507,10","90,06K","-1,64%"
"25.01.2018","518,50","520,00","520,00","515,00","149,59K","0,29%"
"24.01.2018","517,00","501,00","520,00","500,00","166,93K","3,19%"
"23.01.2018","501,00","485,00","501,75","485,00","168,92K","3,62%"
"22.01.2018","483,50","472,50","484,50","472,50","80,96K","2,22%"
"19.01.2018","473,00","483,00","483,00","472,50","127,15K","-2,17%"
"18.01.2018","483,50","481,00","483,95","470,00","108,01K","0,52%"
"17.01.2018","481,00","482,00","485,00","476,70","101,07K","-0,17%"
"16.01.2018","481,80","489,95","489,95","476,00","172,73K","-2,12%"
"15.01.2018","492,25","472,00","492,80","471,00","80,97K","4,73%"
"12.01.2018","470,00","464,00","472,00","460,05","136,60K","1,56%"
"11.01.2018","462,80","442,55","463,95","442,55","152,52K","3,65%"
"10.01.2018","446,50","455,00","455,00","444,50","88,78K","-2,30%"
"09.01.2018","457,00","450,05","460,00","445,00","244,86K","1,56%"
"08.01.2018","450,00","432,25","450,00","432,00","137,27K","4,09%"
"05.01.2018","432,30","439,70","442,00","430,00","104,65K","-1,75%"
"04.01.2018","440,00","436,10","440,00","427,00","109,16K","-0,09%"
"03.01.2018","440,40","436,00","441,10","431,15","126,38K","1,24%"
"02.01.2018","435,00","423,05","435,00","423,05","120,50K","2,35%"