"Fecha","Ultimo","Apertura","Maximo","Minimo","Vol","Var"
"17.10.2023","13,720","12,950","13,800","12,860","2,07M","5,70%"
"16.10.2023","12,980","12,940","13,080","12,620","896,97K","1,88%"
"13.10.2023","12,740","13,120","13,150","12,670","1,62M","-0,93%"
"12.10.2023","12,860","12,590","12,920","12,260","2,03M","2,88%"
"11.10.2023","12,500","12,080","12,570","12,020","1,37M","3,48%"
"10.10.2023","12,080","12,010","12,240","11,920","1,21M","0,92%"
"09.10.2023","11,970","11,500","12,090","11,500","1,67M","5,00%"
"06.10.2023","11,400","11,550","11,820","11,280","1,93M","-0,78%"
"05.10.2023","11,490","11,260","11,555","11,210","1,49M","0,26%"
"04.10.2023","11,460","11,480","11,520","11,090","1,98M","-1,55%"
"03.10.2023","11,640","12,010","12,150","11,480","2,20M","-3,96%"
"02.10.2023","12,120","12,170","12,260","11,900","1,73M","-1,06%"
"29.09.2023","12,250","12,740","12,740","12,210","2,07M","-2,93%"
"28.09.2023","12,620","12,640","12,806","12,570","962,16K","-0,55%"
"27.09.2023","12,690","12,380","12,810","12,210","1,63M","3,93%"
"26.09.2023","12,210","12,320","12,670","12,150","1,82M","-2,94%"
"25.09.2023","12,580","12,870","12,870","12,520","1,29M","-2,25%"
"22.09.2023","12,870","13,180","13,395","12,850","1,78M","-1,91%"
"21.09.2023","13,120","12,440","13,335","12,320","3,20M","2,58%"
"20.09.2023","12,790","12,920","13,230","12,760","1,68M","-1,16%"
"19.09.2023","12,940","13,200","13,350","12,785","1,46M","-1,07%"
"18.09.2023","13,080","12,800","13,090","12,580","1,08M","2,91%"
"15.09.2023","12,710","12,920","12,960","12,620","1,55M","-1,70%"
"14.09.2023","12,930","13,000","13,041","12,680","1,39M","0,70%"
"13.09.2023","12,840","12,500","12,880","12,350","2,25M","3,13%"
"12.09.2023","12,450","11,970","12,565","11,830","2,64M","3,15%"
"11.09.2023","12,070","12,670","12,890","11,911","2,82M","-4,66%"
"08.09.2023","12,660","13,040","13,830","12,450","3,89M","-3,28%"
"07.09.2023","13,090","13,340","13,430","13,000","1,90M","-2,82%"
"06.09.2023","13,470","13,540","13,960","13,470","1,55M","-1,32%"
"05.09.2023","13,650","14,120","14,289","13,420","3,14M","-3,94%"
"01.09.2023","14,210","14,530","14,740","14,195","1,45M","-1,59%"
"31.08.2023","14,440","14,730","14,797","14,367","1,71M","-1,16%"
"30.08.2023","14,610","14,870","15,130","14,570","1,42M","-1,55%"
"29.08.2023","14,840","14,960","15,255","14,710","1,80M","-0,40%"
"28.08.2023","14,900","14,850","15,090","14,720","1,72M","1,02%"
"25.08.2023","14,750","14,830","14,870","14,490","918,24K","0,41%"
"24.08.2023","14,690","15,100","15,125","14,620","1,13M","-2,26%"
"23.08.2023","15,030","14,510","15,200","14,495","1,59M","2,80%"
"22.08.2023","14,620","14,320","14,730","14,300","1,14M","1,53%"
"21.08.2023","14,400","14,780","14,830","14,180","1,28M","-1,30%"
"18.08.2023","14,590","14,540","14,769","14,240","1,75M","-1,02%"
"17.08.2023","14,740","14,890","15,360","14,580","2,29M","0,75%"
"16.08.2023","14,630","14,110","14,990","14,055","2,43M","3,98%"
"15.08.2023","14,070","14,200","14,500","13,970","1,61M","-1,12%"
"14.08.2023","14,230","14,140","15,250","13,020","5,29M","-1,93%"
"11.08.2023","14,510","14,570","14,870","14,110","2,08M","0,83%"
"10.08.2023","14,390","14,180","14,582","14,160","1,43M","0,42%"
"09.08.2023","14,330","14,480","14,670","14,295","1,33M","0,00%"
"08.08.2023","14,330","13,730","14,480","13,580","1,71M","2,72%"
"07.08.2023","13,950","14,000","14,140","13,840","1,55M","-0,85%"
"04.08.2023","14,070","14,060","14,590","14,015","1,47M","0,50%"
"03.08.2023","14,000","14,260","14,280","13,580","2,27M","-1,82%"
"02.08.2023","14,260","14,600","14,600","14,010","1,45M","-2,86%"
"01.08.2023","14,680","14,660","14,980","14,572","1,37M","-1,41%"
"31.07.2023","14,890","14,610","14,980","14,500","1,34M","2,06%"
"28.07.2023","14,590","14,400","14,770","14,400","1,97M","1,67%"
"27.07.2023","14,350","15,390","15,401","14,340","2,47M","-6,82%"
"26.07.2023","15,400","15,720","15,720","15,330","1,01M","-1,47%"
"25.07.2023","15,630","15,650","15,800","15,360","866,48K","0,00%"
"24.07.2023","15,630","15,590","16,190","15,260","2,20M","1,10%"
"21.07.2023","15,460","15,350","15,655","15,110","1,18M","1,38%"
"20.07.2023","15,250","15,390","15,430","15,065","1,23M","-0,65%"
"19.07.2023","15,350","15,530","15,739","15,120","1,20M","-0,84%"
"18.07.2023","15,480","15,130","15,760","15,055","1,75M","1,57%"
"17.07.2023","15,240","14,490","15,480","14,490","2,58M","5,25%"
"14.07.2023","14,480","15,020","15,020","14,360","1,44M","-4,55%"
"13.07.2023","15,170","14,980","15,310","14,810","1,66M","1,54%"
"12.07.2023","14,940","14,600","15,050","14,600","1,36M","3,61%"
"11.07.2023","14,420","14,490","14,550","14,225","1,27M","-0,62%"
"10.07.2023","14,510","14,300","14,565","14,260","1,21M","0,97%"
"07.07.2023","14,370","14,190","14,550","14,140","1,78M","2,28%"
"06.07.2023","14,050","15,090","15,090","13,870","3,95M","-7,26%"
"05.07.2023","15,150","15,000","15,160","14,640","1,59M","1,75%"
"03.07.2023","14,890","15,080","15,370","14,850","1,00M","0,00%"
"30.06.2023","14,890","15,060","15,160","14,800","1,78M","-1,97%"
"29.06.2023","15,190","14,930","15,190","14,660","1,51M","2,84%"
"28.06.2023","14,770","15,060","15,370","14,750","2,55M","-1,47%"
"27.06.2023","14,990","15,410","15,660","14,770","2,32M","-2,66%"
"26.06.2023","15,400","15,660","15,975","15,090","4,06M","4,12%"
"23.06.2023","14,790","14,490","15,050","14,140","1,64M","0,41%"
"22.06.2023","14,730","15,300","15,400","14,480","3,70M","-4,66%"
"21.06.2023","15,450","14,530","15,470","14,470","3,99M","6,26%"
"20.06.2023","14,540","14,680","14,720","14,347","2,43M","-0,07%"
"16.06.2023","14,550","13,520","14,800","13,330","4,70M","8,18%"
"15.06.2023","13,450","12,600","13,460","12,590","3,42M","7,60%"
"14.06.2023","12,500","12,540","12,635","12,300","1,15M","0,81%"
"13.06.2023","12,400","12,520","12,740","12,360","1,27M","0,08%"
"12.06.2023","12,390","12,310","12,600","12,254","1,10M","-1,27%"
"09.06.2023","12,550","12,650","12,880","12,485","1,40M","-0,55%"
"08.06.2023","12,620","12,530","12,845","12,450","1,83M","0,72%"
"07.06.2023","12,530","12,540","12,780","12,390","2,03M","0,56%"
"06.06.2023","12,460","11,760","12,545","11,680","2,38M","6,22%"
"05.06.2023","11,730","11,710","11,810","11,480","1,50M","2,18%"
"02.06.2023","11,480","11,520","11,765","11,390","1,19M","1,59%"
"01.06.2023","11,300","11,000","11,555","11,000","1,55M","2,82%"
"31.05.2023","10,990","11,120","11,290","10,915","1,26M","-2,57%"
"30.05.2023","11,280","10,990","11,300","10,810","1,52M","1,44%"
"26.05.2023","11,120","11,290","11,550","11,105","1,05M","0,54%"
"25.05.2023","11,060","11,150","11,210","10,969","1,01M","-2,81%"
"24.05.2023","11,380","11,260","11,380","10,920","1,31M","1,88%"
"23.05.2023","11,170","10,800","11,405","10,600","2,22M","3,43%"
"22.05.2023","10,800","10,850","10,984","10,740","1,70M","-0,09%"
"19.05.2023","10,810","10,920","10,980","10,755","1,23M","-0,64%"
"18.05.2023","10,880","11,030","11,030","10,650","1,21M","-1,63%"
"17.05.2023","11,060","10,970","11,190","10,775","1,26M","2,41%"
"16.05.2023","10,800","11,070","11,370","10,790","1,30M","-2,96%"
"15.05.2023","11,130","11,410","11,500","10,670","2,47M","-2,02%"
"12.05.2023","11,360","11,830","12,100","11,290","3,43M","-3,32%"
"11.05.2023","11,750","11,500","11,880","11,160","1,94M","0,86%"
"10.05.2023","11,650","11,820","11,893","11,625","1,08M","-0,77%"
"09.05.2023","11,740","11,390","11,900","11,320","1,14M","1,91%"
"08.05.2023","11,520","11,720","11,820","11,510","1,37M","1,14%"
"05.05.2023","11,390","10,830","11,508","10,770","1,91M","8,06%"
"04.05.2023","10,540","10,630","10,840","10,490","1,25M","-0,75%"
"03.05.2023","10,620","10,640","10,810","10,540","1,23M","-1,76%"
"02.05.2023","10,810","10,900","10,902","10,590","1,61M","-1,46%"
"01.05.2023","10,970","11,000","11,340","10,720","1,33M","-1,35%"
"28.04.2023","11,120","10,950","11,220","10,800","1,86M","0,36%"
"27.04.2023","11,080","11,000","11,205","10,900","1,25M","0,54%"
"26.04.2023","11,020","11,310","11,380","10,980","1,86M","-0,90%"
"25.04.2023","11,120","11,320","11,365","10,900","1,76M","-2,71%"
"24.04.2023","11,430","11,440","11,585","11,280","1,50M","1,15%"
"21.04.2023","11,300","11,410","11,570","11,244","2,00M","-1,57%"
"20.04.2023","11,480","11,370","11,627","11,300","1,37M","-0,69%"
"19.04.2023","11,560","11,950","12,020","11,455","2,46M","-5,40%"
"18.04.2023","12,220","12,330","12,665","12,180","2,10M","-0,49%"
"17.04.2023","12,280","12,450","12,520","12,075","1,55M","-1,37%"
"14.04.2023","12,450","12,400","12,620","12,265","1,48M","0,81%"
"13.04.2023","12,350","12,620","12,675","12,310","1,43M","-1,52%"
"12.04.2023","12,540","12,510","12,650","12,460","2,05M","1,05%"
"11.04.2023","12,410","12,470","12,655","12,320","2,16M","0,89%"
"10.04.2023","12,300","11,380","12,540","11,365","4,17M","10,22%"
"06.04.2023","11,160","11,560","11,660","11,085","1,18M","-2,70%"
"05.04.2023","11,470","11,400","11,490","11,050","1,36M","0,61%"
"04.04.2023","11,400","11,700","11,810","11,125","2,08M","-2,15%"
"03.04.2023","11,650","11,510","11,695","11,200","2,81M","6,10%"
"31.03.2023","10,980","11,560","11,700","10,715","4,40M","-3,94%"
"30.03.2023","11,430","11,390","11,540","11,060","2,64M","1,78%"
"29.03.2023","11,230","11,050","11,360","10,910","2,96M","3,69%"
"28.03.2023","10,830","10,340","10,990","10,330","2,96M","5,04%"
"27.03.2023","10,310","9,780","10,360","9,780","1,90M","7,17%"
"24.03.2023","9,620","9,570","9,735","9,330","1,16M","-0,41%"
"23.03.2023","9,660","9,920","10,145","9,550","1,44M","-1,13%"
"22.03.2023","9,770","9,820","10,105","9,630","2,10M","-0,51%"
"21.03.2023","9,820","9,330","10,000","9,290","2,31M","7,56%"
"20.03.2023","9,130","8,990","9,450","8,950","1,80M","0,88%"
"17.03.2023","9,050","9,400","9,480","9,030","2,10M","-4,94%"
"16.03.2023","9,520","9,150","9,650","9,040","2,51M","2,70%"
"15.03.2023","9,270","9,220","9,400","8,730","4,64M","-5,21%"
"14.03.2023","9,780","9,960","10,459","9,720","3,10M","-1,31%"
"13.03.2023","9,910","10,270","10,520","9,830","4,96M","-6,95%"
"10.03.2023","10,650","11,800","11,900","10,600","4,90M","-7,87%"
"09.03.2023","11,560","12,020","12,360","11,560","3,25M","-4,07%"
"08.03.2023","12,050","11,860","12,130","11,785","2,08M","2,12%"
"07.03.2023","11,800","12,700","12,700","11,670","3,72M","-7,16%"
"06.03.2023","12,710","11,930","12,740","11,800","3,78M","6,54%"
"03.03.2023","11,930","11,451","12,000","11,350","1,98M","3,29%"
"02.03.2023","11,550","12,030","12,030","11,490","2,43M","-4,55%"
"01.03.2023","12,100","11,710","12,150","11,660","1,90M","2,80%"
"28.02.2023","11,770","12,220","12,240","11,600","2,25M","-2,81%"
"27.02.2023","12,110","11,950","12,220","11,900","1,92M","1,94%"
"24.02.2023","11,880","11,580","11,910","11,360","1,65M","1,45%"
"23.02.2023","11,710","11,520","11,790","11,455","1,30M","2,99%"
"22.02.2023","11,370","11,320","11,470","11,140","1,34M","-0,26%"
"21.02.2023","11,400","11,410","11,670","11,280","1,56M","-0,09%"
"17.02.2023","11,410","11,600","11,635","11,070","3,16M","-4,04%"
"16.02.2023","11,890","11,870","12,590","11,812","2,89M","0,08%"
"15.02.2023","11,880","12,050","12,090","11,580","2,47M","-1,74%"
"14.02.2023","12,090","12,010","12,320","11,780","3,06M","0,50%"
"13.02.2023","12,030","11,750","12,487","11,547","4,54M","3,89%"
"10.02.2023","11,580","11,430","11,740","11,350","2,39M","2,66%"
"09.02.2023","11,280","11,610","11,740","11,160","2,00M","-2,34%"
"08.02.2023","11,550","11,540","11,930","11,281","2,26M","0,09%"
"07.02.2023","11,540","11,500","11,757","11,300","2,18M","0,52%"
"06.02.2023","11,480","11,310","11,510","10,985","1,60M","2,68%"
"03.02.2023","11,180","11,260","11,752","11,143","2,17M","-2,53%"
"02.02.2023","11,470","11,910","11,980","11,195","2,42M","-2,38%"
"01.02.2023","11,750","11,890","12,070","11,280","2,66M","-1,67%"
"31.01.2023","11,950","11,150","12,015","11,090","3,09M","7,17%"
"30.01.2023","11,150","11,410","11,510","10,900","3,36M","-3,38%"
"27.01.2023","11,540","11,920","12,095","11,510","1,90M","-3,99%"
"26.01.2023","12,020","12,290","12,350","11,770","1,50M","-0,50%"
"25.01.2023","12,080","11,920","12,110","11,510","2,37M","0,67%"
"24.01.2023","12,000","11,900","12,270","11,560","2,03M","0,17%"
"23.01.2023","11,980","12,030","12,750","11,870","4,24M","0,50%"
"20.01.2023","11,920","11,370","12,050","11,290","4,54M","6,24%"
"19.01.2023","11,220","10,980","11,305","10,640","4,15M","0,09%"
"18.01.2023","11,210","12,350","13,110","11,190","8,45M","-8,27%"
"17.01.2023","12,220","11,280","12,220","11,030","6,69M","10,29%"
"13.01.2023","11,080","10,350","11,320","10,350","4,38M","7,05%"
"12.01.2023","10,350","9,890","10,655","9,770","4,52M","4,86%"
"11.01.2023","9,870","9,730","9,920","9,680","2,20M","1,54%"
"10.01.2023","9,720","9,770","9,830","9,500","2,28M","-0,31%"
"09.01.2023","9,750","9,550","9,770","9,355","2,30M","3,17%"
"06.01.2023","9,450","9,540","9,720","9,420","2,35M","1,07%"
"05.01.2023","9,350","8,710","9,360","8,680","2,47M","7,35%"
"04.01.2023","8,710","8,700","8,810","8,500","1,69M","0,00%"
"03.01.2023","8,710","9,230","9,500","8,640","3,59M","-5,22%"
"30.12.2022","9,190","9,070","9,270","8,970","1,59M","1,55%"
"29.12.2022","9,050","9,150","9,390","9,040","2,17M","-0,44%"
"28.12.2022","9,090","8,910","9,236","8,760","2,58M","2,83%"
"27.12.2022","8,840","8,990","9,050","8,730","1,75M","-2,75%"
"23.12.2022","9,090","8,900","9,115","8,840","2,95M","2,60%"
"22.12.2022","8,860","8,680","8,860","8,510","2,19M","2,07%"
"21.12.2022","8,680","8,600","8,733","8,535","2,30M","2,48%"
"20.12.2022","8,470","7,990","8,765","7,970","3,36M","6,68%"
"19.12.2022","7,940","7,540","7,940","7,470","1,92M","6,29%"
"16.12.2022","7,470","7,320","7,485","7,280","1,18M","0,00%"
"15.12.2022","7,470","7,320","7,480","7,235","1,38M","1,08%"
"14.12.2022","7,390","7,500","7,630","7,287","1,59M","-1,60%"
"13.12.2022","7,510","7,690","7,780","7,495","1,50M","0,27%"
"12.12.2022","7,490","7,350","7,580","7,320","1,33M","1,49%"
"09.12.2022","7,380","7,340","7,500","7,205","1,50M","-0,27%"
"08.12.2022","7,400","7,910","7,990","7,375","1,78M","-4,88%"
"07.12.2022","7,780","7,710","7,850","7,600","1,37M","1,70%"
"06.12.2022","7,650","7,840","7,983","7,545","1,65M","-1,67%"
"05.12.2022","7,780","8,390","8,470","7,780","2,13M","-5,81%"
"02.12.2022","8,260","8,350","8,543","8,260","1,09M","-1,43%"
"01.12.2022","8,380","8,430","8,495","8,160","1,38M","-0,12%"
"30.11.2022","8,390","8,730","8,850","8,270","5,08M","-2,44%"
"29.11.2022","8,600","8,360","8,700","8,340","2,95M","3,86%"
"28.11.2022","8,280","7,990","8,440","7,900","2,55M","0,73%"
"25.11.2022","8,220","7,750","8,335","7,750","2,31M","7,31%"
"23.11.2022","7,660","7,480","7,720","7,360","1,71M","2,41%"
"22.11.2022","7,480","7,430","7,590","7,270","1,54M","2,89%"
"21.11.2022","7,270","7,180","7,280","6,790","2,94M","-1,22%"
"18.11.2022","7,360","7,310","7,500","7,110","1,49M","-0,41%"
"17.11.2022","7,390","7,480","7,580","7,210","2,18M","-3,27%"
"16.11.2022","7,640","8,050","8,063","7,590","1,65M","-5,45%"
"15.11.2022","8,080","8,170","8,410","8,030","2,14M","0,50%"
"14.11.2022","8,040","7,590","8,120","7,340","2,84M","5,10%"
"11.11.2022","7,650","7,360","7,710","7,350","1,81M","6,40%"
"10.11.2022","7,190","7,500","7,610","7,114","1,80M","0,98%"
"09.11.2022","7,120","7,730","7,750","7,040","2,79M","-8,13%"
"08.11.2022","7,750","7,900","7,900","7,610","1,93M","-2,27%"
"07.11.2022","7,930","8,050","8,270","7,920","1,63M","-1,37%"
"04.11.2022","8,040","8,390","8,592","8,021","2,11M","-0,99%"
"03.11.2022","8,120","7,920","8,245","7,820","2,40M","2,40%"
"02.11.2022","7,930","8,250","8,310","7,930","2,02M","-4,00%"
"01.11.2022","8,260","7,780","8,340","7,760","2,72M","8,12%"
"31.10.2022","7,640","7,490","7,699","7,356","1,96M","0,00%"
"28.10.2022","7,640","7,910","8,000","7,524","1,88M","-2,92%"
"27.10.2022","7,870","7,920","7,990","7,725","1,68M","1,16%"
"26.10.2022","7,780","7,670","7,980","7,660","2,64M","1,97%"
"25.10.2022","7,630","7,620","7,690","7,460","2,96M","3,25%"
"24.10.2022","7,390","7,100","7,605","6,820","5,16M","3,07%"
"21.10.2022","7,170","7,030","7,202","6,880","1,74M","1,70%"
"20.10.2022","7,050","7,150","7,490","7,020","2,88M","0,14%"
"19.10.2022","7,040","6,950","7,190","6,950","1,57M","1,44%"
"18.10.2022","6,940","7,100","7,190","6,755","1,45M","-1,84%"
"17.10.2022","7,070","6,810","7,150","6,780","1,76M","6,16%"
"14.10.2022","6,660","6,840","6,880","6,635","1,15M","-3,06%"
"13.10.2022","6,870","6,550","6,970","6,445","1,29M","4,09%"
"12.10.2022","6,600","6,620","6,720","6,460","1,62M","-1,93%"
"11.10.2022","6,730","6,890","6,970","6,670","1,98M","-2,18%"
"10.10.2022","6,880","7,180","7,240","6,780","2,03M","-4,31%"
"07.10.2022","7,190","7,300","7,510","7,085","2,57M","-0,28%"
"06.10.2022","7,210","7,500","7,540","7,160","2,38M","-2,57%"
"05.10.2022","7,400","6,950","7,480","6,810","4,32M","6,78%"
"04.10.2022","6,930","6,990","7,093","6,840","2,25M","1,61%"
"03.10.2022","6,820","6,500","6,870","6,485","2,34M","9,82%"
"30.09.2022","6,210","6,120","6,260","6,075","1,64M","-0,16%"
"29.09.2022","6,220","6,300","6,400","6,160","1,81M","-2,66%"
"28.09.2022","6,390","6,210","6,410","6,145","1,98M","2,90%"
"27.09.2022","6,210","6,370","6,415","6,200","1,66M","-0,64%"
"26.09.2022","6,250","6,075","6,480","5,990","2,91M","0,32%"
"23.09.2022","6,230","6,460","6,500","6,130","4,36M","-9,97%"
"22.09.2022","6,920","6,970","7,050","6,840","2,01M","1,47%"
"21.09.2022","6,820","7,250","7,260","6,710","2,88M","-4,75%"
"20.09.2022","7,160","7,140","7,255","7,075","2,03M","-0,69%"
"19.09.2022","7,210","6,760","7,325","6,700","3,39M","3,44%"
"16.09.2022","6,970","6,660","7,100","6,545","3,44M","4,50%"
"15.09.2022","6,670","7,220","7,305","6,540","5,15M","-8,63%"
"14.09.2022","7,300","7,150","7,370","7,150","2,93M","2,67%"
"13.09.2022","7,110","6,880","7,325","6,790","3,23M","1,28%"
"12.09.2022","7,020","7,100","7,279","6,875","3,23M","0,72%"
"09.09.2022","6,970","6,900","7,050","6,770","3,33M","2,95%"
"08.09.2022","6,770","6,740","7,040","6,610","5,51M","2,58%"
"07.09.2022","6,600","5,950","6,640","5,765","5,41M","9,63%"
"06.09.2022","6,020","5,950","6,250","5,762","4,11M","3,44%"
"02.09.2022","5,820","5,710","5,955","5,560","2,97M","3,56%"
"01.09.2022","5,620","5,470","5,645","5,350","2,56M","2,37%"
"31.08.2022","5,490","5,280","5,675","5,160","2,94M","-0,36%"
"30.08.2022","5,510","5,890","5,935","5,450","4,56M","-6,29%"
"29.08.2022","5,880","5,450","6,070","5,440","5,10M","6,72%"
"26.08.2022","5,510","5,530","5,590","5,405","2,64M","-1,25%"
"25.08.2022","5,580","5,330","5,640","5,220","4,29M","5,28%"
"24.08.2022","5,300","5,150","5,350","5,070","3,19M","2,51%"
"23.08.2022","5,170","4,840","5,210","4,810","5,21M","8,39%"
"22.08.2022","4,770","4,590","4,860","4,470","2,28M","2,58%"
"19.08.2022","4,650","4,790","4,790","4,611","1,60M","-4,12%"
"18.08.2022","4,850","4,650","4,940","4,650","2,55M","4,53%"
"17.08.2022","4,640","4,610","4,720","4,500","2,43M","0,65%"
"16.08.2022","4,610","4,650","4,750","4,550","2,12M","-0,65%"
"15.08.2022","4,640","4,350","4,650","4,220","3,28M","5,22%"
"12.08.2022","4,410","4,120","4,430","4,110","3,49M","7,82%"
"11.08.2022","4,090","4,020","4,180","4,000","2,41M","4,60%"
"10.08.2022","3,910","3,960","3,960","3,840","1,71M","0,00%"
"09.08.2022","3,910","4,020","4,060","3,890","1,43M","-2,25%"
"08.08.2022","4,000","3,730","4,028","3,730","1,52M","6,67%"
"05.08.2022","3,750","3,600","3,780","3,520","1,42M","2,46%"
"04.08.2022","3,660","3,730","3,790","3,620","1,10M","-1,61%"
"03.08.2022","3,720","3,710","3,750","3,635","1,04M","1,64%"
"02.08.2022","3,660","3,610","3,739","3,610","1,05M","0,27%"
"01.08.2022","3,650","3,660","3,730","3,555","1,41M","-1,62%"
"29.07.2022","3,710","3,600","3,800","3,550","3,77M","6,61%"
"28.07.2022","3,480","3,400","3,510","3,300","2,26M","3,88%"
"27.07.2022","3,350","3,240","3,350","3,150","1,58M","4,69%"
"26.07.2022","3,200","3,190","3,265","3,140","1,31M","1,91%"
"25.07.2022","3,140","2,950","3,140","2,941","2,10M","7,90%"
"22.07.2022","2,910","2,890","2,970","2,885","1,26M","0,00%"
"21.07.2022","2,910","2,900","2,940","2,820","2,36M","-2,68%"
"20.07.2022","2,990","3,040","3,050","2,960","970,14K","-2,29%"
"19.07.2022","3,060","3,020","3,070","2,970","1,11M","2,34%"
"18.07.2022","2,990","3,010","3,110","2,970","1,36M","0,67%"
"15.07.2022","2,970","3,040","3,080","2,885","1,29M","1,37%"
"14.07.2022","2,930","2,940","2,950","2,832","1,49M","-2,66%"
"13.07.2022","3,010","2,940","3,085","2,940","1,12M","0,33%"
"12.07.2022","3,000","3,010","3,050","2,900","1,90M","-1,64%"
"11.07.2022","3,050","3,100","3,160","3,010","1,16M","-3,79%"
"08.07.2022","3,170","3,170","3,202","3,080","1,08M","1,60%"
"07.07.2022","3,120","3,160","3,283","3,110","1,83M","0,97%"
"06.07.2022","3,090","3,130","3,130","2,975","1,96M","-1,28%"
"05.07.2022","3,130","3,180","3,190","2,980","2,53M","-5,72%"
"01.07.2022","3,320","3,260","3,330","3,160","994,44K","1,84%"
"30.06.2022","3,260","3,350","3,350","3,180","1,32M","-2,40%"
"29.06.2022","3,340","3,480","3,530","3,265","1,58M","-2,62%"
"28.06.2022","3,430","3,470","3,560","3,360","1,49M","1,48%"
"27.06.2022","3,380","3,280","3,425","3,230","2,37M","4,97%"
"24.06.2022","3,220","3,270","3,320","3,175","2,59M","-0,31%"
"23.06.2022","3,230","3,510","3,530","3,150","4,65M","-6,92%"
"22.06.2022","3,470","3,450","3,520","3,350","1,70M","-1,98%"
"21.06.2022","3,540","3,520","3,550","3,400","2,85M","3,51%"
"17.06.2022","3,420","3,540","3,570","3,315","2,86M","-2,84%"
"16.06.2022","3,520","3,620","3,670","3,505","2,20M","-6,13%"
"15.06.2022","3,750","3,740","3,810","3,660","2,70M","0,81%"
"14.06.2022","3,720","3,910","3,960","3,700","3,33M","-4,12%"
"13.06.2022","3,880","3,930","3,930","3,770","3,37M","-4,20%"
"10.06.2022","4,050","4,120","4,125","4,000","2,74M","-2,17%"
"09.06.2022","4,140","4,390","4,390","4,120","2,36M","-5,69%"
"08.06.2022","4,390","4,390","4,510","4,340","2,49M","0,23%"
"07.06.2022","4,380","4,300","4,410","4,275","1,43M","0,46%"
"06.06.2022","4,360","4,530","4,630","4,340","1,74M","-1,80%"
"03.06.2022","4,440","4,340","4,510","4,250","2,28M","1,60%"
"02.06.2022","4,370","4,370","4,400","4,285","1,63M","-0,68%"
"01.06.2022","4,400","4,510","4,600","4,350","1,27M","-2,22%"
"31.05.2022","4,500","4,680","4,720","4,478","1,53M","-3,43%"
"27.05.2022","4,660","4,490","4,665","4,440","2,34M","2,64%"
"26.05.2022","4,540","4,510","4,620","4,510","1,21M","0,89%"
"25.05.2022","4,500","4,400","4,520","4,400","1,05M","1,58%"
"24.05.2022","4,430","4,470","4,490","4,335","1,16M","-1,56%"
"23.05.2022","4,500","4,350","4,500","4,290","1,41M","3,69%"
"20.05.2022","4,340","4,440","4,450","4,240","941,40K","-0,69%"
"19.05.2022","4,370","4,250","4,420","4,230","1,16M","2,58%"
"18.05.2022","4,260","4,500","4,522","4,230","1,21M","-5,12%"
"17.05.2022","4,490","4,530","4,570","4,435","1,40M","1,58%"
"16.05.2022","4,420","4,250","4,500","4,250","2,63M","4,00%"
"13.05.2022","4,250","4,120","4,270","4,120","1,49M","5,20%"
"12.05.2022","4,040","4,020","4,120","3,860","2,03M","-0,49%"
"11.05.2022","4,060","3,970","4,160","3,930","2,35M","3,57%"
"10.05.2022","3,920","3,930","4,000","3,800","1,90M","1,03%"
"09.05.2022","3,880","4,000","4,050","3,840","2,18M","-5,83%"
"06.05.2022","4,120","4,160","4,210","4,010","1,47M","-0,48%"
"05.05.2022","4,140","4,400","4,420","4,085","1,61M","-5,91%"
"04.05.2022","4,400","4,360","4,410","4,203","1,22M","3,29%"
"03.05.2022","4,260","4,135","4,310","4,135","787,94K","2,90%"
"02.05.2022","4,140","4,190","4,250","4,040","1,81M","-2,36%"
"29.04.2022","4,240","4,320","4,440","4,200","1,16M","-2,08%"
"28.04.2022","4,330","4,250","4,410","4,150","1,37M","3,34%"
"27.04.2022","4,190","4,130","4,250","4,070","1,64M","0,96%"
"26.04.2022","4,150","4,440","4,440","4,140","3,12M","-7,16%"
"25.04.2022","4,470","4,460","4,490","4,260","3,28M","-3,66%"
"22.04.2022","4,640","4,722","4,840","4,590","2,16M","-2,73%"
"21.04.2022","4,770","5,080","5,100","4,750","1,98M","-5,92%"
"20.04.2022","5,070","5,140","5,210","5,010","1,28M","-1,36%"
"19.04.2022","5,140","5,200","5,290","5,080","1,40M","-1,72%"
"18.04.2022","5,230","5,300","5,430","5,190","1,81M","0,97%"
"14.04.2022","5,180","5,100","5,250","5,070","1,47M","0,78%"
"13.04.2022","5,140","5,120","5,190","5,060","1,31M","1,38%"
"12.04.2022","5,070","5,140","5,210","5,025","1,49M","0,80%"
"11.04.2022","5,030","5,040","5,129","5,010","1,23M","-2,14%"
"08.04.2022","5,140","5,180","5,240","5,130","961,68K","0,19%"
"07.04.2022","5,130","5,160","5,210","4,960","1,75M","1,18%"
"06.04.2022","5,070","5,200","5,230","5,050","1,75M","-2,31%"
"05.04.2022","5,190","5,400","5,590","5,180","3,23M","-2,26%"
"04.04.2022","5,310","5,140","5,380","5,130","3,68M","5,15%"
"01.04.2022","5,050","4,870","5,050","4,830","4,07M","4,55%"
"31.03.2022","4,830","4,850","4,940","4,765","2,28M","-1,02%"
"30.03.2022","4,880","4,810","5,000","4,810","2,07M","1,46%"
"29.03.2022","4,810","4,670","4,835","4,590","2,58M","1,05%"
"28.03.2022","4,760","4,700","4,845","4,605","1,80M","-0,63%"
"25.03.2022","4,790","4,780","4,870","4,690","2,35M","0,00%"
"24.03.2022","4,790","4,640","4,850","4,620","1,71M","3,01%"
"23.03.2022","4,650","4,570","4,747","4,570","2,03M","2,65%"
"22.03.2022","4,530","4,650","4,671","4,505","1,69M","-0,88%"
"21.03.2022","4,570","4,460","4,635","4,450","1,96M","4,34%"
"18.03.2022","4,380","4,500","4,530","4,370","1,39M","-2,23%"
"17.03.2022","4,480","4,310","4,500","4,301","1,94M","3,94%"
"16.03.2022","4,310","4,400","4,480","4,245","2,06M","-0,69%"
"15.03.2022","4,340","4,400","4,440","4,260","2,43M","-3,56%"
"14.03.2022","4,500","4,640","4,660","4,390","2,35M","-3,43%"
"11.03.2022","4,660","4,820","4,840","4,640","1,76M","-3,32%"
"10.03.2022","4,820","4,620","4,970","4,610","3,71M","3,66%"
"09.03.2022","4,650","4,440","4,700","4,400","3,05M","6,16%"
"08.03.2022","4,380","4,140","4,500","4,120","2,97M","7,35%"
"07.03.2022","4,080","4,400","4,525","4,050","3,68M","-5,99%"
"04.03.2022","4,340","4,600","4,605","4,265","2,75M","-4,62%"
"03.03.2022","4,550","4,670","4,745","4,455","2,76M","-2,78%"
"02.03.2022","4,680","4,410","4,865","4,410","4,61M","7,59%"
"01.03.2022","4,350","4,200","4,390","4,190","3,03M","3,57%"
"28.02.2022","4,200","4,330","4,330","4,070","2,85M","-4,11%"
"25.02.2022","4,380","4,290","4,390","4,260","1,37M","1,62%"
"24.02.2022","4,310","4,440","4,445","4,216","3,26M","-2,93%"
"23.02.2022","4,440","4,510","4,580","4,372","2,51M","-0,45%"
"22.02.2022","4,460","4,360","4,570","4,360","2,93M","3,96%"
"18.02.2022","4,290","4,260","4,375","4,240","1,62M","-0,69%"
"17.02.2022","4,320","4,360","4,420","4,275","1,46M","-1,59%"
"16.02.2022","4,390","4,150","4,450","4,140","2,42M","6,04%"
"15.02.2022","4,140","3,980","4,150","3,950","2,71M","1,22%"
"14.02.2022","4,090","4,290","4,330","4,075","2,04M","-2,39%"
"11.02.2022","4,190","4,160","4,330","4,120","3,19M","1,95%"
"10.02.2022","4,110","4,000","4,240","3,990","2,66M","0,98%"
"09.02.2022","4,070","4,060","4,190","4,060","1,82M","0,49%"
"08.02.2022","4,050","4,100","4,160","4,000","1,56M","-1,94%"
"07.02.2022","4,130","4,120","4,180","4,030","1,07M","0,73%"
"04.02.2022","4,100","4,170","4,190","4,020","1,40M","-1,44%"
"03.02.2022","4,160","4,200","4,230","4,110","1,46M","-3,48%"
"02.02.2022","4,310","4,410","4,450","4,235","1,56M","-1,37%"
"01.02.2022","4,370","4,280","4,490","4,258","3,25M","1,16%"
"31.01.2022","4,320","4,200","4,360","4,150","2,52M","1,65%"
"28.01.2022","4,250","4,180","4,280","4,130","4,44M","7,05%"
"27.01.2022","3,970","4,060","4,060","3,860","2,07M","0,51%"
"26.01.2022","3,950","4,020","4,070","3,915","1,85M","0,51%"
"25.01.2022","3,930","3,720","3,980","3,685","1,66M","4,24%"
"24.01.2022","3,770","3,630","3,785","3,540","3,04M","-1,57%"
"21.01.2022","3,830","3,880","3,910","3,760","2,93M","-3,77%"
"20.01.2022","3,980","4,020","4,085","3,947","2,12M","-2,69%"
"19.01.2022","4,090","4,170","4,265","4,080","2,18M","-1,92%"
"18.01.2022","4,170","4,370","4,380","4,141","3,33M","-4,36%"
"14.01.2022","4,360","4,300","4,400","4,220","2,92M","3,81%"
"13.01.2022","4,200","4,250","4,410","4,200","5,48M","1,20%"
"12.01.2022","4,150","4,110","4,160","4,060","1,99M","1,47%"
"11.01.2022","4,090","3,950","4,105","3,900","2,04M","4,60%"
"10.01.2022","3,910","4,020","4,028","3,870","1,34M","-2,98%"
"07.01.2022","4,030","3,940","4,030","3,860","1,13M","2,03%"
"06.01.2022","3,950","4,090","4,090","3,940","1,34M","-1,00%"
"05.01.2022","3,990","4,210","4,290","3,975","1,95M","-4,09%"
"04.01.2022","4,160","4,120","4,200","4,075","2,66M","2,97%"
"03.01.2022","4,040","3,850","4,100","3,850","2,48M","5,76%"
"31.12.2021","3,820","3,890","3,900","3,795","958,37K","-2,30%"
"30.12.2021","3,910","4,030","4,060","3,880","1,67M","-2,01%"
"29.12.2021","3,990","4,030","4,065","3,930","1,31M","-1,97%"
"28.12.2021","4,070","4,100","4,205","4,050","1,54M","0,00%"
"27.12.2021","4,070","3,920","4,122","3,868","2,07M","3,83%"
"23.12.2021","3,920","3,880","3,960","3,870","1,81M","0,77%"
"22.12.2021","3,890","3,810","3,905","3,800","1,63M","1,30%"
"21.12.2021","3,840","3,840","3,930","3,830","1,75M","2,40%"
"20.12.2021","3,750","3,710","3,760","3,620","1,82M","-1,57%"
"17.12.2021","3,810","3,840","3,930","3,780","1,84M","-2,56%"
"16.12.2021","3,910","3,880","3,995","3,864","1,42M","2,36%"
"15.12.2021","3,820","3,790","3,870","3,716","1,96M","0,26%"
"14.12.2021","3,810","3,860","3,960","3,800","1,43M","-1,80%"
"13.12.2021","3,880","3,980","3,985","3,815","2,35M","-2,76%"
"10.12.2021","3,990","4,130","4,130","3,970","2,35M","-1,97%"
"09.12.2021","4,070","4,110","4,150","4,010","2,87M","-2,40%"
"08.12.2021","4,170","4,270","4,288","4,110","1,85M","-0,48%"
"07.12.2021","4,190","4,100","4,220","4,100","2,59M","5,01%"
"06.12.2021","3,990","3,910","4,050","3,860","3,23M","4,45%"
"03.12.2021","3,820","3,990","4,040","3,740","4,48M","-3,54%"
"02.12.2021","3,960","3,740","4,010","3,740","3,52M","7,90%"
"01.12.2021","3,670","3,690","4,010","3,670","7,52M","2,51%"
"30.11.2021","3,580","3,350","3,610","3,335","26,14M","5,60%"
"29.11.2021","3,390","3,540","3,600","3,385","5,39M","-1,17%"
"26.11.2021","3,430","3,600","3,600","3,390","4,60M","-6,03%"
"24.11.2021","3,650","3,790","3,800","3,650","3,72M","-3,44%"
"23.11.2021","3,780","3,810","3,830","3,690","4,02M","0,53%"
"22.11.2021","3,760","3,900","3,940","3,760","2,76M","-2,84%"
"19.11.2021","3,870","4,000","4,080","3,830","3,34M","-5,61%"
"18.11.2021","4,100","3,940","4,147","3,835","3,98M","3,27%"
"17.11.2021","3,970","4,040","4,130","3,880","3,57M","-1,24%"
"16.11.2021","4,020","4,250","4,260","4,010","5,11M","-5,41%"
"15.11.2021","4,250","4,320","4,350","4,170","2,23M","-1,16%"
"12.11.2021","4,300","4,270","4,330","4,145","7,64M","0,00%"
"11.11.2021","4,300","4,360","4,420","4,230","2,58M","-2,27%"
"10.11.2021","4,400","4,625","4,730","4,370","2,84M","-3,51%"
"09.11.2021","4,560","4,350","4,560","4,300","2,83M","5,07%"
"08.11.2021","4,340","4,240","4,400","4,230","1,13M","3,58%"
"05.11.2021","4,190","4,180","4,210","4,090","1,89M","1,95%"
"04.11.2021","4,110","4,360","4,390","4,110","3,53M","-3,97%"
"03.11.2021","4,280","4,110","4,300","4,045","3,47M","2,64%"
"02.11.2021","4,170","4,320","4,320","4,140","2,09M","-4,14%"
"01.11.2021","4,350","4,280","4,370","4,260","1,44M","3,57%"
"29.10.2021","4,200","4,370","4,375","4,200","2,29M","-4,33%"
"28.10.2021","4,390","4,450","4,500","4,360","1,89M","-2,23%"
"27.10.2021","4,490","4,580","4,660","4,480","2,02M","-3,23%"
"26.10.2021","4,640","4,650","4,720","4,603","1,29M","-0,43%"
"25.10.2021","4,660","4,520","4,690","4,510","1,79M","4,25%"
"22.10.2021","4,470","4,590","4,590","4,405","2,74M","-2,61%"
"21.10.2021","4,590","4,710","4,820","4,554","2,35M","-3,16%"
"20.10.2021","4,740","4,510","4,765","4,480","2,30M","4,87%"
"19.10.2021","4,520","4,590","4,590","4,430","2,20M","-0,22%"
"18.10.2021","4,530","4,610","4,670","4,480","1,63M","-1,09%"
"15.10.2021","4,580","4,570","4,670","4,530","1,50M","0,88%"
"14.10.2021","4,540","4,640","4,683","4,515","1,25M","-1,52%"
"13.10.2021","4,610","4,550","4,620","4,400","2,02M","0,44%"
"12.10.2021","4,590","4,740","4,785","4,590","2,24M","-3,77%"
"11.10.2021","4,770","4,870","4,960","4,740","1,03M","-1,04%"
"08.10.2021","4,820","4,860","4,950","4,780","1,11M","0,42%"
"07.10.2021","4,800","4,830","4,950","4,800","1,76M","-0,21%"
"06.10.2021","4,810","4,860","4,870","4,680","1,98M","-1,84%"
"05.10.2021","4,900","4,730","4,930","4,690","2,01M","3,81%"
"04.10.2021","4,720","4,740","4,800","4,675","1,17M","1,07%"
"01.10.2021","4,670","4,680","4,745","4,610","1,11M","0,21%"
"30.09.2021","4,660","4,570","4,755","4,550","1,62M","2,87%"
"29.09.2021","4,530","4,560","4,670","4,490","1,16M","-1,09%"
"28.09.2021","4,580","4,610","4,730","4,515","1,44M","0,66%"
"27.09.2021","4,550","4,610","4,720","4,540","2,59M","0,44%"
"24.09.2021","4,530","4,580","4,640","4,460","1,53M","-2,16%"
"23.09.2021","4,630","4,640","4,710","4,580","1,23M","-0,64%"
"22.09.2021","4,660","4,770","4,859","4,615","1,86M","-0,85%"
"21.09.2021","4,700","4,960","4,970","4,633","1,53M","-3,29%"
"20.09.2021","4,860","5,030","5,030","4,730","2,42M","-6,18%"
"17.09.2021","5,180","5,240","5,290","5,105","2,13M","-3,18%"
"16.09.2021","5,350","5,360","5,430","5,110","1,36M","0,00%"
"15.09.2021","5,350","5,410","5,510","5,270","1,40M","0,00%"
"14.09.2021","5,350","5,460","5,500","5,235","1,38M","-1,29%"
"13.09.2021","5,420","5,620","5,860","5,375","5,19M","5,24%"
"10.09.2021","5,150","5,360","5,370","5,100","1,67M","-2,09%"
"09.09.2021","5,260","5,190","5,420","5,130","1,89M","1,15%"
"08.09.2021","5,200","5,300","5,430","5,115","2,11M","-2,26%"
"07.09.2021","5,320","4,980","5,370","4,920","2,47M","7,69%"
"03.09.2021","4,940","5,050","5,050","4,910","736,90K","-2,18%"
"02.09.2021","5,050","5,090","5,170","5,015","993,10K","0,20%"
"01.09.2021","5,040","5,210","5,270","5,020","1,78M","-3,26%"
"31.08.2021","5,210","5,210","5,290","5,140","1,84M","0,19%"
"30.08.2021","5,200","5,080","5,260","4,920","1,87M","2,56%"
"27.08.2021","5,070","4,970","5,130","4,950","1,01M","3,26%"
"26.08.2021","4,910","4,980","5,000","4,880","983,64K","-1,80%"
"25.08.2021","5,000","4,850","5,030","4,770","1,59M","3,31%"
"24.08.2021","4,840","4,640","4,925","4,630","2,19M","5,91%"
"23.08.2021","4,570","4,500","4,620","4,500","1,19M","3,63%"
"20.08.2021","4,410","4,350","4,490","4,340","838,05K","0,23%"
"19.08.2021","4,400","4,530","4,530","4,260","1,88M","-4,35%"
"18.08.2021","4,600","4,730","4,740","4,570","1,17M","-3,56%"
"17.08.2021","4,770","4,750","4,900","4,680","1,15M","-0,63%"
"16.08.2021","4,800","4,790","4,860","4,690","898,14K","-1,44%"
"13.08.2021","4,870","4,980","4,980","4,840","1,22M","-3,37%"
"12.08.2021","5,040","5,120","5,124","4,915","2,19M","-1,18%"
"11.08.2021","5,100","4,800","5,140","4,750","2,70M","7,59%"
"10.08.2021","4,740","4,460","4,740","4,460","1,39M","5,80%"
"09.08.2021","4,480","4,360","4,500","4,350","819,68K","1,13%"
"06.08.2021","4,430","4,420","4,480","4,360","600,46K","0,91%"
"05.08.2021","4,390","4,215","4,470","4,170","995,95K","4,77%"
"04.08.2021","4,190","4,240","4,330","4,160","779,87K","-2,33%"
"03.08.2021","4,290","4,270","4,310","4,150","922,91K","0,47%"
"02.08.2021","4,270","4,330","4,360","4,230","859,11K","-2,06%"
"30.07.2021","4,360","4,350","4,480","4,300","595,53K","-0,46%"
"29.07.2021","4,380","4,360","4,450","4,320","647,20K","1,15%"
"28.07.2021","4,330","4,240","4,340","4,180","626,10K","2,61%"
"27.07.2021","4,220","4,370","4,370","4,170","1,15M","-3,21%"
"26.07.2021","4,360","4,210","4,425","4,210","904,23K","2,83%"
"23.07.2021","4,240","4,360","4,360","4,180","1,19M","-1,85%"
"22.07.2021","4,320","4,370","4,400","4,220","1,28M","-1,59%"
"21.07.2021","4,390","4,220","4,450","4,210","1,43M","5,78%"
"20.07.2021","4,150","4,130","4,180","3,990","1,00M","1,22%"
"19.07.2021","4,100","4,110","4,150","4,040","1,01M","-2,84%"
"16.07.2021","4,220","4,350","4,360","4,150","1,13M","-2,76%"
"15.07.2021","4,340","4,430","4,490","4,340","624,21K","-3,56%"
"14.07.2021","4,500","4,620","4,690","4,470","1,08M","-1,10%"
"13.07.2021","4,550","4,500","4,600","4,500","773,57K","0,44%"
"12.07.2021","4,530","4,265","4,570","4,260","1,09M","4,86%"
"09.07.2021","4,320","4,310","4,350","4,205","946,75K","2,37%"
"08.07.2021","4,220","4,245","4,300","4,200","939,71K","-2,54%"
"07.07.2021","4,330","4,350","4,380","4,230","1,09M","-0,23%"
"06.07.2021","4,340","4,530","4,570","4,330","1,76M","-4,19%"
"02.07.2021","4,530","4,580","4,590","4,460","1,00M","-1,31%"
"01.07.2021","4,590","4,730","4,780","4,590","878,47K","-1,92%"
"30.06.2021","4,680","4,550","4,680","4,530","1,45M","2,86%"
"29.06.2021","4,550","4,680","4,700","4,540","1,47M","-2,99%"
"28.06.2021","4,690","4,790","4,820","4,570","3,42M","-4,09%"
"25.06.2021","4,890","4,890","4,940","4,600","5,60M","-6,32%"
"24.06.2021","5,220","5,090","5,270","5,050","1,87M","3,37%"
"23.06.2021","5,050","5,300","5,450","5,040","2,05M","-3,07%"
"22.06.2021","5,210","5,040","5,340","4,940","1,47M","3,37%"
"21.06.2021","5,040","5,050","5,110","5,000","964,12K","-0,20%"
"18.06.2021","5,050","5,070","5,140","4,930","1,75M","-1,75%"
"17.06.2021","5,140","5,460","5,490","5,060","1,66M","-6,55%"
"16.06.2021","5,500","5,400","5,510","5,360","903,86K","1,29%"
"15.06.2021","5,430","5,440","5,520","5,300","956,48K","-0,55%"
"14.06.2021","5,460","5,400","5,660","5,380","1,12M","1,49%"
"11.06.2021","5,380","5,780","5,780","5,280","2,15M","-5,94%"
"10.06.2021","5,720","5,620","5,800","5,620","1,67M","3,06%"
"09.06.2021","5,550","5,540","5,610","5,430","1,59M","0,73%"
"08.06.2021","5,510","5,700","5,710","5,430","1,33M","-2,65%"
"07.06.2021","5,660","5,440","5,720","5,430","2,52M","4,81%"
"04.06.2021","5,400","5,230","5,420","5,130","2,23M","4,85%"
"03.06.2021","5,150","4,910","5,160","4,880","1,71M","4,04%"
"02.06.2021","4,950","4,950","5,040","4,880","1,92M","1,43%"
"01.06.2021","4,880","4,850","4,950","4,790","1,53M","3,83%"
"28.05.2021","4,700","4,600","4,740","4,580","1,12M","3,07%"
"27.05.2021","4,560","4,510","4,610","4,500","1,92M","0,88%"
"26.05.2021","4,520","4,470","4,590","4,450","812,51K","0,22%"
"25.05.2021","4,510","4,620","4,690","4,510","728,62K","-2,59%"
"24.05.2021","4,630","4,520","4,780","4,510","1,06M","2,89%"
"21.05.2021","4,500","4,630","4,630","4,470","990,89K","-1,75%"
"20.05.2021","4,580","4,550","4,680","4,470","1,01M","0,66%"
"19.05.2021","4,550","4,590","4,660","4,490","1,01M","-2,99%"
"18.05.2021","4,690","4,690","4,830","4,600","2,38M","0,00%"
"17.05.2021","4,690","4,480","4,710","4,400","2,18M","4,92%"
"14.05.2021","4,470","4,320","4,570","4,230","2,83M","6,43%"
"13.05.2021","4,200","4,160","4,450","4,130","2,42M","1,20%"
"12.05.2021","4,150","3,940","4,290","3,900","3,17M","6,41%"
"11.05.2021","3,900","3,980","4,000","3,880","1,23M","-4,18%"
"10.05.2021","4,070","4,000","4,170","3,970","1,34M","2,01%"
"07.05.2021","3,990","3,770","4,000","3,730","1,62M","5,84%"
"06.05.2021","3,770","3,780","3,820","3,710","1,26M","-0,53%"
"05.05.2021","3,790","3,720","3,830","3,640","658,64K","2,99%"
"04.05.2021","3,680","3,730","3,740","3,620","1,44M","-2,13%"
"03.05.2021","3,760","3,810","3,870","3,710","852,84K","-0,53%"
"30.04.2021","3,780","3,930","3,980","3,770","1,16M","-5,26%"
"29.04.2021","3,990","4,060","4,060","3,870","1,01M","-0,25%"
"28.04.2021","4,000","3,900","4,040","3,880","995,95K","3,09%"
"27.04.2021","3,880","3,820","3,890","3,800","1,18M","2,65%"
"26.04.2021","3,780","3,730","3,910","3,730","1,48M","0,80%"
"23.04.2021","3,750","3,780","3,820","3,680","1,19M","-0,27%"
"22.04.2021","3,760","3,840","3,890","3,760","874,55K","-2,59%"
"21.04.2021","3,860","3,750","3,870","3,720","1,05M","1,58%"
"20.04.2021","3,800","3,900","3,940","3,730","1,00M","-3,06%"
"19.04.2021","3,920","3,930","4,070","3,880","1,15M","-1,01%"
"16.04.2021","3,960","3,880","3,960","3,770","1,24M","3,13%"
"15.04.2021","3,840","3,920","3,930","3,840","1,01M","-2,54%"
"14.04.2021","3,940","3,940","4,120","3,900","1,72M","0,25%"
"13.04.2021","3,930","3,900","4,010","3,840","1,20M","0,26%"
"12.04.2021","3,920","4,020","4,100","3,880","1,57M","-2,49%"
"09.04.2021","4,020","4,140","4,210","3,970","1,28M","-3,83%"
"08.04.2021","4,180","4,280","4,330","4,150","748,50K","-2,56%"
"07.04.2021","4,290","4,330","4,370","4,260","748,30K","-2,05%"
"06.04.2021","4,380","4,100","4,380","4,100","1,30M","5,54%"
"05.04.2021","4,150","4,270","4,280","4,040","2,29M","-2,12%"
"01.04.2021","4,240","4,120","4,250","4,070","605,09K","3,16%"
"31.03.2021","4,110","4,150","4,200","4,060","1,15M","-0,24%"
"30.03.2021","4,120","4,080","4,190","4,060","496,20K","0,73%"
"29.03.2021","4,090","4,110","4,220","4,070","915,99K","-0,73%"
"26.03.2021","4,120","4,180","4,280","4,010","1,26M","0,49%"
"25.03.2021","4,100","4,030","4,120","3,900","1,42M","0,00%"
"24.03.2021","4,100","4,180","4,270","4,090","762,17K","-2,38%"
"23.03.2021","4,200","4,310","4,350","4,130","1,01M","-4,33%"
"22.03.2021","4,390","4,420","4,460","4,300","657,25K","-0,23%"
"19.03.2021","4,400","4,340","4,460","4,250","871,23K","1,15%"
"18.03.2021","4,350","4,490","4,590","4,290","1,28M","-4,61%"
"17.03.2021","4,560","4,390","4,570","4,380","1,03M","3,87%"
"16.03.2021","4,390","4,530","4,600","4,320","1,26M","-2,66%"
"15.03.2021","4,510","4,480","4,570","4,420","1,29M","2,27%"
"12.03.2021","4,410","4,320","4,520","4,300","1,69M","0,23%"
"11.03.2021","4,400","4,380","4,460","4,320","1,70M","2,09%"
"10.03.2021","4,310","4,090","4,380","4,090","2,08M","5,64%"
"09.03.2021","4,080","3,990","4,110","3,870","1,60M","3,29%"
"08.03.2021","3,950","4,300","4,300","3,920","2,12M","-7,06%"
"05.03.2021","4,250","4,360","4,480","4,150","3,43M","1,43%"
"04.03.2021","4,190","4,040","4,660","3,920","5,27M","5,01%"
"03.03.2021","3,990","3,950","4,080","3,890","1,42M","0,76%"
"02.03.2021","3,960","4,120","4,200","3,920","2,28M","-4,81%"
"01.03.2021","4,160","4,480","4,480","4,150","1,13M","-3,93%"
"26.02.2021","4,330","4,290","4,490","4,220","1,71M","1,17%"
"25.02.2021","4,280","4,510","4,610","4,280","1,35M","-4,04%"
"24.02.2021","4,460","4,090","4,500","4,090","1,83M","8,78%"
"23.02.2021","4,100","4,170","4,330","3,960","2,15M","-0,24%"
"22.02.2021","4,110","4,390","4,410","4,110","2,12M","-6,59%"
"19.02.2021","4,400","4,600","4,660","4,370","1,54M","-4,97%"
"18.02.2021","4,630","4,770","4,820","4,630","1,39M","-3,54%"
"17.02.2021","4,800","4,690","4,880","4,580","1,31M","1,27%"
"16.02.2021","4,740","4,700","4,810","4,610","1,07M","2,16%"
"12.02.2021","4,640","4,510","4,660","4,490","1,12M","0,87%"
"11.02.2021","4,600","4,570","4,620","4,490","1,40M","1,77%"
"10.02.2021","4,520","4,590","4,630","4,390","1,57M","-3,42%"
"09.02.2021","4,680","4,500","4,680","4,370","2,25M","3,77%"
"08.02.2021","4,510","4,330","4,550","4,310","2,61M","7,13%"
"05.02.2021","4,210","4,290","4,340","4,170","963,99K","-2,09%"
"04.02.2021","4,300","4,340","4,380","4,120","1,62M","0,00%"
"03.02.2021","4,300","4,040","4,300","4,000","2,44M","9,97%"
"02.02.2021","3,910","4,210","4,210","3,850","2,57M","-2,49%"
"01.02.2021","4,010","3,750","4,080","3,700","2,54M","9,86%"
"29.01.2021","3,650","3,930","4,000","3,610","2,07M","-8,29%"
"28.01.2021","3,980","4,130","4,190","3,800","2,24M","-1,73%"
"27.01.2021","4,050","3,720","4,250","3,630","4,59M","8,29%"
"26.01.2021","3,740","3,700","3,790","3,580","4,10M","8,41%"
"25.01.2021","3,450","3,680","3,690","3,380","3,01M","-1,15%"
"22.01.2021","3,490","3,500","3,750","3,450","10,02M","7,38%"
"21.01.2021","3,250","3,650","3,730","3,250","6,50M","-11,68%"
"20.01.2021","3,680","3,930","3,930","3,660","4,30M","-6,60%"
"19.01.2021","3,940","3,990","4,040","3,940","1,59M","-0,51%"
"15.01.2021","3,960","4,100","4,150","3,910","1,88M","-4,58%"
"14.01.2021","4,150","4,030","4,270","3,960","2,77M","1,47%"
"13.01.2021","4,090","4,170","4,240","4,020","2,06M","-2,15%"
"12.01.2021","4,180","4,400","4,450","4,120","3,09M","-5,43%"
"11.01.2021","4,420","4,580","4,660","4,380","1,34M","-5,76%"
"08.01.2021","4,690","4,750","4,880","4,640","1,42M","-1,88%"
"07.01.2021","4,780","4,720","4,910","4,690","1,36M","2,80%"
"06.01.2021","4,650","4,610","4,740","4,590","1,23M","0,65%"
"05.01.2021","4,620","4,480","4,680","4,480","1,44M","2,21%"
"04.01.2021","4,520","4,830","4,850","4,480","1,54M","-3,83%"
"31.12.2020","4,700","4,860","4,880","4,680","1,19M","-4,08%"
"30.12.2020","4,900","4,960","5,100","4,880","1,05M","-0,61%"
"29.12.2020","4,930","4,990","5,030","4,840","1,66M","0,41%"
"28.12.2020","4,910","4,970","5,050","4,860","984,66K","-0,61%"
"24.12.2020","4,940","5,030","5,050","4,880","747,67K","-1,98%"
"23.12.2020","5,040","5,000","5,170","5,000","861,00K","0,60%"
"22.12.2020","5,010","5,200","5,200","4,920","1,85M","-3,47%"
"21.12.2020","5,190","5,150","5,260","5,040","878,51K","-3,71%"
"18.12.2020","5,390","5,490","5,490","5,360","1,16M","-1,64%"
"17.12.2020","5,480","5,560","5,630","5,430","1,57M","0,00%"
"16.12.2020","5,480","5,540","5,560","5,400","789,32K","-0,54%"
"15.12.2020","5,510","5,420","5,540","5,230","1,05M","2,23%"
"14.12.2020","5,390","5,480","5,630","5,330","1,65M","-1,10%"
"11.12.2020","5,450","5,480","5,530","5,330","751,66K","-1,62%"
"10.12.2020","5,540","5,120","5,550","5,080","1,60M","7,78%"
"09.12.2020","5,140","5,170","5,340","5,050","1,79M","-0,39%"
"08.12.2020","5,160","5,100","5,350","5,100","956,89K","-1,71%"
"07.12.2020","5,250","5,210","5,300","5,080","1,50M","-0,76%"
"04.12.2020","5,290","5,230","5,580","5,230","2,06M","3,12%"
"03.12.2020","5,130","5,240","5,360","5,060","1,54M","-3,93%"
"02.12.2020","5,340","5,230","5,470","5,070","1,33M","1,33%"
"01.12.2020","5,270","5,170","5,410","5,080","1,51M","4,77%"
"30.11.2020","5,030","5,350","5,390","4,970","2,58M","-6,85%"
"27.11.2020","5,400","5,200","5,560","5,140","926,90K","4,05%"
"25.11.2020","5,190","5,250","5,340","5,120","2,10M","-2,63%"
"24.11.2020","5,330","5,150","5,500","5,050","2,43M","6,60%"
"23.11.2020","5,000","4,870","5,050","4,770","853,18K","5,04%"
"20.11.2020","4,760","4,790","4,800","4,640","610,57K","-0,42%"
"19.11.2020","4,780","4,790","4,880","4,640","1,22M","0,84%"
"18.11.2020","4,740","4,950","4,950","4,740","953,47K","-3,66%"
"17.11.2020","4,920","4,690","4,950","4,550","1,20M","4,90%"
"16.11.2020","4,690","4,790","4,840","4,650","941,01K","2,63%"
"13.11.2020","4,570","4,360","4,630","4,200","1,13M","5,79%"
"12.11.2020","4,320","4,580","4,650","4,260","1,12M","-5,68%"
"11.11.2020","4,580","4,870","4,870","4,450","1,39M","-3,58%"
"10.11.2020","4,750","4,160","4,880","4,160","3,29M","14,73%"
"09.11.2020","4,140","3,960","4,180","3,820","2,00M","10,99%"
"06.11.2020","3,730","3,740","3,790","3,530","1,04M","-0,27%"
"05.11.2020","3,740","3,540","3,810","3,540","777,86K","6,86%"
"04.11.2020","3,500","3,530","3,640","3,480","660,36K","-0,57%"
"03.11.2020","3,520","3,420","3,650","3,380","1,13M","6,02%"
"02.11.2020","3,320","3,280","3,370","3,230","1,48M","3,11%"
"30.10.2020","3,220","3,250","3,270","3,120","1,08M","-1,23%"
"29.10.2020","3,260","3,100","3,270","2,990","1,70M","5,16%"
"28.10.2020","3,100","3,250","3,280","2,980","1,57M","-6,63%"
"27.10.2020","3,320","3,570","3,610","3,310","788,27K","-8,03%"
"26.10.2020","3,610","3,560","3,680","3,500","662,13K","0,00%"
"23.10.2020","3,610","3,480","3,620","3,420","1,01M","4,64%"
"22.10.2020","3,450","3,350","3,490","3,290","1,10M","3,29%"
"21.10.2020","3,340","3,450","3,530","3,340","1,22M","-3,47%"
"20.10.2020","3,460","3,630","3,680","3,460","1,31M","-3,62%"
"19.10.2020","3,590","3,580","3,770","3,580","1,04M","0,84%"
"16.10.2020","3,560","3,630","3,650","3,500","918,96K","-0,28%"
"15.10.2020","3,570","3,650","3,740","3,520","1,08M","-4,80%"
"14.10.2020","3,750","3,760","3,900","3,700","1,13M","0,00%"
"13.10.2020","3,750","3,750","3,800","3,690","1,10M","-1,06%"
"12.10.2020","3,790","3,900","3,900","3,720","755,14K","-2,07%"
"09.10.2020","3,870","3,890","3,900","3,770","891,87K","1,57%"
"08.10.2020","3,810","3,660","3,820","3,630","831,20K","4,10%"
"07.10.2020","3,660","3,590","3,720","3,510","997,84K","2,52%"
"06.10.2020","3,570","3,790","3,860","3,560","1,40M","-4,29%"
"05.10.2020","3,730","3,670","3,770","3,610","1,27M","2,75%"
"02.10.2020","3,630","3,580","3,700","3,540","936,21K","-0,55%"
"01.10.2020","3,650","3,560","3,700","3,530","952,70K","2,24%"
"30.09.2020","3,570","3,630","3,810","3,570","1,26M","-1,11%"
"29.09.2020","3,610","3,750","3,750","3,560","1,84M","-2,96%"
"28.09.2020","3,720","3,690","3,840","3,670","1,08M","1,09%"
"25.09.2020","3,680","3,780","3,840","3,680","1,03M","-4,17%"
"24.09.2020","3,840","3,660","3,960","3,470","2,38M","4,92%"
"23.09.2020","3,660","3,890","4,000","3,630","1,80M","-5,67%"
"22.09.2020","3,880","4,160","4,180","3,850","1,44M","-6,05%"
"21.09.2020","4,130","4,380","4,380","4,110","1,24M","-7,40%"
"18.09.2020","4,460","4,550","4,550","4,360","1,38M","-1,98%"
"17.09.2020","4,550","4,770","4,790","4,460","1,52M","-6,19%"
"16.09.2020","4,850","4,900","4,960","4,720","1,56M","-5,27%"
"15.09.2020","5,120","5,050","5,180","4,930","1,15M","1,19%"
"14.09.2020","5,060","5,190","5,190","4,960","747,87K","-2,13%"
"11.09.2020","5,170","5,220","5,300","5,150","626,36K","0,19%"
"10.09.2020","5,160","5,410","5,490","5,160","2,04M","-4,62%"
"09.09.2020","5,410","5,510","5,530","5,400","611,89K","-0,55%"
"08.09.2020","5,440","5,310","5,450","5,170","956,13K","0,37%"
"04.09.2020","5,420","5,550","5,610","5,280","532,48K","-1,81%"
"03.09.2020","5,520","5,520","5,610","5,400","1,02M","-0,36%"
"02.09.2020","5,540","5,630","5,630","5,360","861,44K","-1,77%"
"01.09.2020","5,640","5,630","5,770","5,550","1,11M","1,08%"
"31.08.2020","5,580","5,800","5,950","5,570","1,36M","-2,28%"
"28.08.2020","5,710","5,460","5,740","5,450","1,11M","6,13%"
"27.08.2020","5,380","5,560","5,640","5,350","791,55K","-3,24%"
"26.08.2020","5,560","5,560","5,690","5,470","737,51K","0,18%"
"25.08.2020","5,550","5,440","5,630","5,370","1,07M","2,78%"
"24.08.2020","5,400","5,420","5,430","5,300","517,96K","0,93%"
"21.08.2020","5,350","5,450","5,470","5,330","555,86K","-2,19%"
"20.08.2020","5,470","5,380","5,520","5,350","773,53K","0,00%"
"19.08.2020","5,470","5,480","5,720","5,440","848,66K","0,55%"
"18.08.2020","5,440","5,440","5,680","5,400","935,52K","0,00%"
"17.08.2020","5,440","5,730","5,740","5,400","1,16M","-4,90%"
"14.08.2020","5,720","5,680","5,790","5,580","1,15M","1,06%"
"13.08.2020","5,660","5,510","5,770","5,510","1,86M","1,62%"
"12.08.2020","5,570","6,000","6,000","5,480","2,23M","-5,59%"
"11.08.2020","5,900","6,100","6,290","5,860","2,16M","-5,45%"
"10.08.2020","6,240","6,510","6,550","6,200","1,30M","-3,11%"
"07.08.2020","6,440","6,370","6,460","6,160","998,51K","-0,92%"
"06.08.2020","6,500","6,640","6,700","6,310","1,69M","-3,27%"
"05.08.2020","6,720","6,940","7,070","6,710","1,45M","-1,32%"
"04.08.2020","6,810","6,980","7,300","6,590","3,86M","2,25%"
"03.08.2020","6,660","6,170","6,870","6,090","3,37M","6,90%"
"31.07.2020","6,230","6,330","6,390","6,140","1,05M","-1,58%"
"30.07.2020","6,330","6,350","6,420","6,120","1,19M","-2,16%"
"29.07.2020","6,470","6,460","6,510","6,330","1,07M","-0,15%"
"28.07.2020","6,480","6,560","6,660","6,450","778,66K","-2,41%"
"27.07.2020","6,640","6,670","6,790","6,510","897,83K","-0,30%"
"24.07.2020","6,660","6,650","6,750","6,490","1,50M","-2,20%"
"23.07.2020","6,810","6,700","7,030","6,570","1,64M","2,56%"
"22.07.2020","6,640","6,490","6,740","6,380","995,61K","2,31%"
"21.07.2020","6,490","6,500","6,650","6,410","1,14M","1,25%"
"20.07.2020","6,410","6,420","6,420","6,210","1,47M","0,00%"
"17.07.2020","6,410","6,540","6,680","6,290","1,05M","-1,69%"
"16.07.2020","6,520","6,410","6,590","6,350","1,19M","0,15%"
"15.07.2020","6,510","6,430","6,580","6,330","1,09M","2,84%"
"14.07.2020","6,330","6,110","6,330","6,010","1,19M","2,10%"
"13.07.2020","6,200","6,380","6,440","6,150","1,40M","-1,59%"
"10.07.2020","6,300","6,110","6,320","6,110","725,63K","1,78%"
"09.07.2020","6,190","6,150","6,280","6,040","1,50M","-0,16%"
"08.07.2020","6,200","6,000","6,210","5,900","1,07M","2,99%"
"07.07.2020","6,020","6,160","6,200","6,000","1,36M","-3,53%"
"06.07.2020","6,240","6,150","6,340","5,880","2,31M","7,59%"
"02.07.2020","5,800","5,910","6,000","5,690","1,48M","-0,17%"
"01.07.2020","5,810","5,740","5,870","5,690","1,05M","1,04%"
"30.06.2020","5,750","5,730","5,810","5,580","2,28M","-1,71%"
"29.06.2020","5,850","5,720","5,890","5,720","1,42M","2,63%"
"26.06.2020","5,700","5,750","5,780","5,570","1,69M","-1,21%"
"25.06.2020","5,770","5,390","5,780","5,330","1,22M","5,68%"
"24.06.2020","5,460","5,430","5,580","5,330","1,29M","-1,80%"
"23.06.2020","5,560","5,480","5,730","5,400","1,11M","3,35%"
"22.06.2020","5,380","5,370","5,500","5,280","1,64M","-3,41%"
"19.06.2020","5,570","5,460","5,750","5,420","1,82M","4,11%"
"18.06.2020","5,350","5,600","5,770","5,310","2,68M","-6,79%"
"17.06.2020","5,740","5,780","5,920","5,640","1,36M","-1,03%"
"16.06.2020","5,800","6,100","6,170","5,770","2,11M","0,17%"
"15.06.2020","5,790","5,760","6,030","5,630","2,03M","-4,46%"
"12.06.2020","6,060","6,110","6,270","5,860","2,34M","6,32%"
"11.06.2020","5,700","5,720","6,080","5,630","3,40M","-9,09%"
"10.06.2020","6,270","6,310","6,440","5,960","3,25M","-2,64%"
"09.06.2020","6,440","6,200","6,470","5,910","3,39M","-1,98%"
"08.06.2020","6,570","6,050","6,600","5,900","3,23M","14,46%"
"05.06.2020","5,740","6,090","6,250","5,710","2,63M","-0,69%"
"04.06.2020","5,780","5,640","6,010","5,600","2,35M","1,05%"
"03.06.2020","5,720","5,510","5,860","5,290","2,85M","5,34%"
"02.06.2020","5,430","5,210","5,470","5,130","2,87M","6,68%"
"01.06.2020","5,090","4,990","5,120","4,780","2,50M","0,99%"
"29.05.2020","5,040","4,810","5,050","4,670","5,30M","2,65%"
"28.05.2020","4,910","5,380","5,390","4,860","1,85M","-7,18%"
"27.05.2020","5,290","5,000","5,290","4,860","1,76M","7,30%"
"26.05.2020","4,930","5,070","5,080","4,780","2,05M","4,45%"
"22.05.2020","4,720","4,570","4,740","4,440","1,41M","2,16%"
"21.05.2020","4,620","4,490","4,930","4,290","3,35M","5,24%"
"20.05.2020","4,390","4,390","4,640","4,360","3,02M","0,00%"
"19.05.2020","4,390","4,340","4,570","4,210","2,37M","1,15%"
"18.05.2020","4,340","4,390","4,500","4,260","1,96M","4,83%"
"15.05.2020","4,140","4,070","4,320","4,040","1,70M","1,72%"
"14.05.2020","4,070","3,700","4,130","3,660","2,32M","6,54%"
"13.05.2020","3,820","4,590","4,590","3,770","2,98M","-10,54%"
"12.05.2020","4,270","4,330","4,640","4,170","3,94M","3,89%"
"11.05.2020","4,110","4,020","4,170","3,840","2,15M","1,48%"
"08.05.2020","4,050","4,070","4,150","3,920","2,72M","5,19%"
"07.05.2020","3,850","3,730","3,940","3,690","2,58M","6,65%"
"06.05.2020","3,610","3,710","3,780","3,440","3,08M","-1,37%"
"05.05.2020","3,660","3,870","4,230","3,640","2,51M","-1,35%"
"04.05.2020","3,710","3,510","3,740","3,480","1,13M","4,80%"
"01.05.2020","3,540","3,670","3,780","3,450","1,46M","-7,81%"
"30.04.2020","3,840","4,100","4,160","3,710","2,85M","-5,42%"
"29.04.2020","4,060","3,950","4,180","3,850","2,93M","7,98%"
"28.04.2020","3,760","3,400","3,870","3,390","3,97M","13,94%"
"27.04.2020","3,300","3,230","3,330","3,150","1,48M","0,00%"
"24.04.2020","3,300","3,500","3,590","3,220","2,66M","-5,98%"
"23.04.2020","3,510","3,490","3,650","3,400","2,26M","0,00%"
"22.04.2020","3,510","3,550","3,650","3,420","2,97M","1,74%"
"21.04.2020","3,450","3,660","3,730","3,450","2,83M","-8,49%"
"20.04.2020","3,770","3,730","4,030","3,590","2,72M","-2,84%"
"17.04.2020","3,880","3,850","4,010","3,750","1,73M","-0,51%"
"16.04.2020","3,900","3,860","3,960","3,660","1,69M","-1,52%"
"15.04.2020","3,960","3,790","4,050","3,690","2,16M","-1,00%"
"14.04.2020","4,000","4,030","4,270","3,920","1,36M","0,00%"
"13.04.2020","4,000","4,320","4,320","3,860","1,72M","-4,76%"
"09.04.2020","4,200","4,390","4,480","4,050","1,67M","-0,71%"
"08.04.2020","4,230","4,130","4,330","4,080","1,49M","2,42%"
"07.04.2020","4,130","4,400","4,580","4,010","2,55M","-3,05%"
"06.04.2020","4,260","4,300","4,550","4,230","1,58M","-2,29%"
"03.04.2020","4,360","4,560","4,600","4,150","1,24M","0,00%"
"02.04.2020","4,360","4,250","4,520","3,980","2,51M","7,13%"
"01.04.2020","4,070","4,060","4,160","3,860","1,30M","-2,40%"
"31.03.2020","4,170","4,000","4,400","4,000","1,42M","3,22%"
"30.03.2020","4,040","3,720","4,100","3,670","1,41M","4,94%"
"27.03.2020","3,850","3,950","4,020","3,670","2,02M","-6,78%"
"26.03.2020","4,130","4,300","4,620","4,040","2,50M","-2,36%"
"25.03.2020","4,230","4,000","4,430","3,870","3,03M","7,63%"
"24.03.2020","3,930","3,630","4,070","3,630","2,40M","15,59%"
"23.03.2020","3,400","3,450","3,700","3,290","2,17M","-2,86%"
"20.03.2020","3,500","3,150","3,870","3,000","4,45M","14,75%"
"19.03.2020","3,050","2,780","3,130","2,700","3,58M","18,68%"
"18.03.2020","2,570","3,240","3,410","2,250","6,56M","-26,78%"
"17.03.2020","3,510","3,890","4,000","3,400","4,10M","-8,12%"
"16.03.2020","3,820","4,080","4,250","3,300","4,82M","-15,11%"
"13.03.2020","4,500","5,050","5,120","4,280","3,45M","-3,23%"
"12.03.2020","4,650","5,010","5,050","4,450","3,47M","-14,05%"
"11.03.2020","5,410","5,710","5,990","5,280","2,44M","-11,02%"
"10.03.2020","6,080","6,100","6,640","5,500","5,24M","15,59%"
"09.03.2020","5,260","6,200","6,210","5,250","6,52M","-27,95%"
"06.03.2020","7,300","7,570","7,670","7,210","2,79M","-5,81%"
"05.03.2020","7,750","8,070","8,100","7,580","2,78M","-5,95%"
"04.03.2020","8,240","8,160","8,290","8,040","2,14M","1,73%"
"03.03.2020","8,100","8,150","8,310","7,930","2,80M","0,75%"
"02.03.2020","8,040","8,110","8,130","7,720","2,51M","0,63%"
"28.02.2020","7,990","8,000","8,100","7,790","2,79M","-2,56%"
"27.02.2020","8,200","8,400","8,480","8,140","2,88M","-4,32%"
"26.02.2020","8,570","8,550","8,920","8,550","2,80M","0,82%"
"25.02.2020","8,500","9,220","9,220","8,490","2,65M","-6,80%"
"24.02.2020","9,120","9,310","9,310","9,000","1,11M","-4,90%"
"21.02.2020","9,590","9,570","9,700","9,400","843,70K","-1,13%"
"20.02.2020","9,700","9,560","9,810","9,530","1,28M","0,52%"
"19.02.2020","9,650","9,580","9,730","9,520","730,29K","1,79%"
"18.02.2020","9,480","9,410","9,590","9,370","854,96K","0,00%"
"14.02.2020","9,480","9,280","9,510","9,180","987,91K","2,93%"
"13.02.2020","9,210","9,340","9,390","9,000","1,62M","-2,33%"
"12.02.2020","9,430","9,620","9,740","9,430","1,49M","-1,36%"
"11.02.2020","9,560","9,800","9,920","9,430","1,47M","-3,43%"
"10.02.2020","9,900","9,810","9,940","9,690","799,98K","0,41%"
"07.02.2020","9,860","9,740","9,860","9,640","735,42K","0,10%"
"06.02.2020","9,850","9,810","9,960","9,720","680,84K","0,00%"
"05.02.2020","9,850","9,850","10,010","9,790","682,37K","1,55%"
"04.02.2020","9,700","9,840","10,070","9,580","2,02M","0,21%"
"03.02.2020","9,680","9,420","9,770","9,360","1,50M","3,09%"
"31.01.2020","9,390","9,480","9,500","9,160","1,20M","-2,29%"
"30.01.2020","9,610","9,520","9,680","9,440","1,22M","0,31%"
"29.01.2020","9,580","9,480","9,710","9,450","2,59M","1,70%"
"28.01.2020","9,420","9,530","9,550","9,310","1,09M","0,53%"
"27.01.2020","9,370","9,440","9,450","9,260","1,74M","-3,00%"
"24.01.2020","9,660","9,700","9,760","9,510","1,07M","-1,02%"
"23.01.2020","9,760","9,920","9,960","9,690","1,89M","-1,91%"
"22.01.2020","9,950","9,850","10,130","9,810","1,90M","1,32%"
"21.01.2020","9,820","10,260","10,310","9,820","1,96M","-4,84%"
"17.01.2020","10,320","10,400","10,470","10,230","1,75M","-0,29%"
"16.01.2020","10,350","10,500","10,620","10,350","1,56M","-0,29%"
"15.01.2020","10,380","10,530","10,560","10,220","1,27M","-2,44%"
"14.01.2020","10,640","10,560","10,660","10,410","1,22M","-0,09%"
"13.01.2020","10,650","10,650","10,770","10,410","1,31M","-0,09%"
"10.01.2020","10,660","10,970","10,980","10,650","1,57M","-3,00%"
"09.01.2020","10,990","10,940","11,020","10,770","1,50M","0,09%"
"08.01.2020","10,980","10,860","10,990","10,550","2,08M","0,64%"
"07.01.2020","10,910","11,180","11,180","10,620","1,53M","-2,06%"
"06.01.2020","11,140","11,070","11,190","10,900","1,92M","-0,18%"
"03.01.2020","11,160","11,240","11,490","10,860","2,75M","-0,89%"
"02.01.2020","11,260","11,510","11,530","11,110","2,88M","-2,76%"
"31.12.2019","11,580","11,460","11,680","11,160","1,14M","0,17%"
"30.12.2019","11,560","11,820","11,910","11,340","2,41M","-2,20%"
"27.12.2019","11,820","11,970","12,120","11,750","3,98M","-0,25%"
"26.12.2019","11,850","11,690","12,020","11,690","4,59M","2,07%"
"24.12.2019","11,610","11,370","12,130","11,370","2,43M","2,56%"
"23.12.2019","11,320","11,250","11,610","11,170","4,48M","2,82%"
"20.12.2019","11,010","10,700","11,250","10,650","4,40M","3,28%"
"19.12.2019","10,660","10,750","11,150","10,580","3,73M","-0,37%"
"18.12.2019","10,700","10,360","10,880","10,300","3,84M","3,98%"
"17.12.2019","10,290","10,030","10,300","9,950","2,13M","0,19%"
"16.12.2019","10,270","10,380","10,630","10,220","1,72M","-0,96%"
"13.12.2019","10,370","10,270","10,630","10,240","2,96M","1,77%"
"12.12.2019","10,190","9,830","10,400","9,810","2,07M","4,30%"
"11.12.2019","9,770","10,000","10,170","9,740","1,36M","-0,81%"
"10.12.2019","9,850","10,050","10,310","9,710","2,42M","-3,05%"
"09.12.2019","10,160","9,800","10,300","9,740","3,92M","5,18%"
"06.12.2019","9,660","9,350","9,740","9,350","2,54M","3,54%"
"05.12.2019","9,330","9,470","9,550","9,230","999,36K","-1,27%"
"04.12.2019","9,450","9,230","9,470","9,160","1,47M","3,96%"
"03.12.2019","9,090","9,290","9,290","8,970","2,13M","-2,68%"
"02.12.2019","9,340","9,650","9,690","9,260","1,40M","-2,81%"
"29.11.2019","9,610","9,680","9,680","9,500","595,74K","-0,72%"
"27.11.2019","9,680","9,400","9,780","9,310","1,48M","2,87%"
"26.11.2019","9,410","9,480","9,490","9,200","2,42M","-1,16%"
"25.11.2019","9,520","9,390","9,780","9,370","1,72M","0,85%"
"22.11.2019","9,440","9,270","9,550","9,230","1,56M","2,72%"
"21.11.2019","9,190","9,250","9,270","9,050","812,72K","-0,11%"
"20.11.2019","9,200","9,050","9,390","9,030","1,52M","2,45%"
"19.11.2019","8,980","8,990","9,080","8,580","1,68M","0,79%"
"18.11.2019","8,910","9,220","9,260","8,870","1,62M","-3,57%"
"15.11.2019","9,240","9,040","9,320","9,040","1,02M","2,67%"
"14.11.2019","9,000","9,040","9,200","8,980","1,65M","0,45%"
"13.11.2019","8,960","9,140","9,140","8,860","1,57M","-1,54%"
"12.11.2019","9,100","9,310","9,360","9,040","1,79M","-2,36%"
"11.11.2019","9,320","9,320","9,360","9,080","815,85K","-1,06%"
"08.11.2019","9,420","9,540","9,610","9,290","1,39M","-0,84%"
"07.11.2019","9,500","9,780","9,910","9,290","2,36M","1,71%"
"06.11.2019","9,340","9,670","9,680","9,220","2,53M","-5,08%"
"05.11.2019","9,840","9,840","9,910","9,710","1,81M","0,92%"
"04.11.2019","9,750","9,550","10,020","9,520","3,92M","2,85%"
"01.11.2019","9,480","9,440","9,490","9,340","2,86M","1,28%"
"31.10.2019","9,360","9,430","9,480","9,280","1,94M","-1,27%"
"30.10.2019","9,480","9,360","9,530","9,250","1,67M","0,74%"
"29.10.2019","9,410","8,930","9,540","8,800","1,96M","4,32%"
"28.10.2019","9,020","9,420","9,560","8,920","2,62M","-4,75%"
"25.10.2019","9,470","9,380","9,560","9,330","2,89M","1,72%"
"24.10.2019","9,310","9,150","9,360","8,940","1,74M","1,75%"
"23.10.2019","9,150","9,050","9,190","8,770","2,90M","0,88%"
"22.10.2019","9,070","9,260","9,440","9,050","1,58M","-1,95%"
"21.10.2019","9,250","9,140","9,290","9,110","1,06M","1,43%"
"18.10.2019","9,120","9,250","9,310","9,000","1,82M","-1,30%"
"17.10.2019","9,240","9,100","9,300","9,040","1,47M","1,54%"
"16.10.2019","9,100","9,150","9,280","9,070","957,81K","-1,52%"
"15.10.2019","9,240","9,150","9,410","9,060","688,29K","1,20%"
"14.10.2019","9,130","9,230","9,310","9,090","1,02M","-1,72%"
"11.10.2019","9,290","9,620","9,740","9,290","2,27M","-2,21%"
"10.10.2019","9,500","9,240","9,650","9,240","1,68M","2,81%"
"09.10.2019","9,240","9,430","9,430","9,140","1,90M","-0,43%"
"08.10.2019","9,280","9,420","9,470","9,170","1,83M","-2,32%"
"07.10.2019","9,500","9,590","9,790","9,440","1,56M","-1,35%"
"04.10.2019","9,630","9,400","9,680","9,330","1,69M","2,34%"
"03.10.2019","9,410","9,550","9,660","9,330","1,38M","-0,42%"
"02.10.2019","9,450","9,300","9,540","8,930","1,70M","1,72%"
"01.10.2019","9,290","9,290","9,430","9,020","1,82M","0,43%"
"30.09.2019","9,250","9,480","9,540","9,180","1,62M","-2,22%"
"27.09.2019","9,460","9,000","9,600","9,000","2,29M","3,96%"
"26.09.2019","9,100","9,120","9,230","8,990","1,27M","0,22%"
"25.09.2019","9,080","8,800","9,150","8,750","1,76M","1,79%"
"24.09.2019","8,920","8,860","9,040","8,810","1,05M","-0,78%"
"23.09.2019","8,990","9,110","9,150","8,900","993,70K","-2,07%"
"20.09.2019","9,180","9,300","9,390","9,090","2,65M","-0,54%"
"19.09.2019","9,230","8,820","9,270","8,770","3,12M","4,89%"
"18.09.2019","8,800","8,600","8,840","8,560","2,88M","0,92%"
"17.09.2019","8,720","8,940","8,940","8,510","2,23M","-2,79%"
"16.09.2019","8,970","8,800","9,050","8,760","4,02M","4,06%"
"13.09.2019","8,620","8,750","8,810","8,540","2,33M","-0,81%"
"12.09.2019","8,690","8,710","8,950","8,660","2,26M","-1,81%"
"11.09.2019","8,850","9,080","9,160","8,660","4,08M","-1,23%"
"10.09.2019","8,960","8,960","9,280","8,910","4,03M","0,56%"
"09.09.2019","8,910","9,330","9,510","8,880","11,77M","-3,78%"
"06.09.2019","9,260","9,300","10,070","9,220","13,68M","0,11%"
"05.09.2019","9,250","8,780","9,380","8,670","12,14M","9,21%"
"04.09.2019","8,470","8,340","8,650","8,080","15,25M","4,18%"
"03.09.2019","8,130","8,950","8,950","8,040","5,76M","-5,02%"
"30.08.2019","8,560","8,950","8,980","8,550","3,30M","-3,82%"
"29.08.2019","8,900","8,690","8,940","8,180","8,41M","1,37%"
"28.08.2019","8,780","8,830","9,090","8,780","17,37M","-1,57%"
"27.08.2019","8,920","9,490","9,500","8,870","4,55M","-5,31%"
"26.08.2019","9,420","9,570","9,730","9,270","2,19M","-2,08%"
"23.08.2019","9,620","9,700","9,730","9,350","3,12M","-1,33%"
"22.08.2019","9,750","10,030","10,050","9,720","2,45M","-2,50%"
"21.08.2019","10,000","9,880","10,120","9,640","2,25M","3,63%"
"20.08.2019","9,650","10,110","10,150","9,630","3,33M","-1,33%"
"19.08.2019","9,780","10,490","10,590","9,680","4,06M","-7,39%"
"16.08.2019","10,560","10,660","10,730","10,470","3,40M","0,38%"
"15.08.2019","10,520","10,740","10,980","10,410","6,52M","1,54%"
"14.08.2019","10,360","11,140","11,340","10,350","5,05M","-8,72%"
"13.08.2019","11,350","11,530","11,900","11,250","5,52M","3,18%"
"12.08.2019","11,000","11,500","12,680","10,260","19,43M","-34,05%"
"09.08.2019","16,680","15,820","16,890","15,560","2,26M","6,72%"
"08.08.2019","15,630","15,940","16,080","15,460","1,60M","-1,39%"
"07.08.2019","15,850","15,370","17,030","15,170","2,18M","1,28%"
"06.08.2019","15,650","15,700","16,050","15,560","1,16M","1,10%"
"05.08.2019","15,480","15,440","15,530","15,010","1,48M","-2,52%"
"02.08.2019","15,880","16,260","16,260","15,840","780,51K","-0,87%"
"01.08.2019","16,020","16,260","16,720","15,800","1,23M","-2,61%"
"31.07.2019","16,450","16,700","16,880","16,430","1,59M","-1,50%"
"30.07.2019","16,700","16,770","16,870","16,650","649,72K","-1,42%"
"29.07.2019","16,940","16,640","17,050","16,480","1,02M","0,77%"
"26.07.2019","16,810","16,680","16,870","16,610","734,19K","1,02%"
"25.07.2019","16,640","16,850","16,850","16,430","909,35K","-1,36%"
"24.07.2019","16,870","16,670","17,270","16,670","1,20M","0,54%"
"23.07.2019","16,780","17,120","17,120","16,680","923,58K","-1,24%"
"22.07.2019","16,990","17,390","17,420","16,800","1,24M","-1,74%"
"19.07.2019","17,290","17,730","17,880","17,230","1,26M","-2,48%"
"18.07.2019","17,730","17,940","18,110","17,550","1,62M","-1,28%"
"17.07.2019","17,960","18,110","18,190","17,920","732,57K","-0,88%"
"16.07.2019","18,120","18,080","18,300","17,900","1,36M","0,17%"
"15.07.2019","18,090","18,460","18,510","18,090","815,72K","-1,90%"
"12.07.2019","18,440","18,390","18,530","18,350","669,93K","0,05%"
"11.07.2019","18,430","18,390","18,600","18,280","699,78K","-0,11%"
"10.07.2019","18,450","18,240","18,530","18,010","1,66M","1,60%"
"09.07.2019","18,160","17,890","18,360","17,860","706,50K","0,17%"
"08.07.2019","18,130","18,100","18,160","17,720","857,73K","-0,11%"
"05.07.2019","18,150","18,290","18,350","18,040","886,42K","-0,55%"
"03.07.2019","18,250","18,170","18,270","18,050","632,82K","0,83%"
"02.07.2019","18,100","18,500","18,540","18,040","1,41M","-2,16%"
"01.07.2019","18,500","18,530","18,730","18,300","1,72M","1,59%"
"28.06.2019","18,210","18,330","18,550","18,080","1,16M","-0,49%"
"27.06.2019","18,300","18,170","18,510","18,050","1,24M","0,60%"
"26.06.2019","18,190","18,200","18,590","18,120","1,65M","0,22%"
"25.06.2019","18,150","18,200","18,390","18,000","1,23M","-0,44%"
"24.06.2019","18,230","18,190","18,270","17,980","1,61M","0,05%"
"21.06.2019","18,220","18,140","18,340","17,950","2,05M","-0,16%"
"20.06.2019","18,250","17,890","18,250","17,890","1,44M","3,40%"
"19.06.2019","17,650","17,780","17,830","17,590","1,24M","-0,28%"
"18.06.2019","17,700","17,550","17,820","17,500","2,34M","2,43%"
"17.06.2019","17,280","16,890","17,510","16,780","1,30M","1,65%"
"14.06.2019","17,000","17,150","17,470","16,940","1,66M","-0,82%"
"13.06.2019","17,140","17,380","17,490","16,220","2,63M","-0,46%"
"12.06.2019","17,220","16,940","17,690","16,650","5,23M","2,81%"
"11.06.2019","16,750","16,230","16,920","15,970","2,71M","3,84%"
"10.06.2019","16,130","15,720","16,190","15,660","2,20M","3,13%"
"07.06.2019","15,640","15,330","15,690","15,190","1,19M","2,69%"
"06.06.2019","15,230","15,200","15,400","14,880","868,16K","1,13%"
"05.06.2019","15,060","15,030","15,280","14,890","947,68K","-0,46%"
"04.06.2019","15,130","15,050","15,220","14,710","2,32M","1,07%"
"03.06.2019","14,970","14,940","15,240","14,550","1,47M","0,94%"
"31.05.2019","14,830","14,760","14,860","14,610","1,14M","-0,27%"
"30.05.2019","14,870","15,020","15,300","14,840","1,46M","-0,47%"
"29.05.2019","14,940","15,490","15,490","14,820","4,28M","-4,90%"
"28.05.2019","15,710","15,420","16,010","15,360","26,81M","1,95%"
"24.05.2019","15,410","15,170","15,410","14,840","2,66M","3,49%"
"23.05.2019","14,890","14,990","15,020","14,610","2,25M","-2,74%"
"22.05.2019","15,310","15,300","15,420","14,950","1,76M","0,26%"
"21.05.2019","15,270","15,490","15,510","15,180","1,95M","-0,52%"
"20.05.2019","15,350","15,350","15,600","15,200","1,97M","-0,13%"
"17.05.2019","15,370","15,350","15,860","15,050","2,10M","-0,90%"
"16.05.2019","15,510","15,020","15,650","15,010","1,71M","2,44%"
"15.05.2019","15,140","14,320","15,220","14,320","1,71M","4,05%"
"14.05.2019","14,550","14,150","14,660","14,060","1,57M","3,63%"
"13.05.2019","14,040","14,380","14,600","14,040","1,28M","-4,03%"
"10.05.2019","14,630","15,000","15,060","14,520","1,28M","-2,47%"
"09.05.2019","15,000","14,680","15,240","14,650","2,28M","0,40%"
"08.05.2019","14,940","14,790","15,090","14,720","1,60M","1,91%"
"07.05.2019","14,660","14,500","14,740","14,360","2,25M","-0,20%"
"06.05.2019","14,690","14,130","14,810","14,000","2,98M","1,87%"
"03.05.2019","14,420","13,850","14,450","13,710","2,06M","5,87%"
"02.05.2019","13,620","13,400","13,660","13,320","1,05M","1,34%"
"01.05.2019","13,440","13,520","13,560","13,180","1,04M","-0,67%"
"30.04.2019","13,530","13,250","13,640","13,250","947,92K","2,34%"
"29.04.2019","13,220","13,250","13,320","13,020","1,22M","0,61%"
"26.04.2019","13,140","13,650","13,720","13,130","1,92M","-4,09%"
"25.04.2019","13,700","13,730","13,770","12,680","3,56M","-2,35%"
"24.04.2019","14,030","14,870","14,870","13,990","2,89M","-5,71%"
"23.04.2019","14,880","14,510","14,950","14,460","1,42M","3,26%"
"22.04.2019","14,410","14,480","14,640","14,320","839,22K","0,14%"
"18.04.2019","14,390","14,890","14,970","14,380","919,77K","-3,03%"
"17.04.2019","14,840","15,000","15,100","14,840","2,34M","-0,47%"
"16.04.2019","14,910","14,950","15,030","14,810","722,56K","-0,20%"
"15.04.2019","14,940","14,820","15,000","14,690","1,20M","1,36%"
"12.04.2019","14,740","14,710","15,000","14,620","819,76K","-0,34%"
"11.04.2019","14,790","14,960","14,990","14,550","1,25M","-1,33%"
"10.04.2019","14,990","14,820","15,140","14,820","1,47M","1,77%"
"09.04.2019","14,730","15,010","15,090","14,580","1,68M","-2,26%"
"08.04.2019","15,070","14,580","15,080","14,580","1,75M","3,43%"
"05.04.2019","14,570","14,520","14,640","14,450","1,45M","0,62%"
"04.04.2019","14,480","14,430","14,520","14,370","1,72M","0,35%"
"03.04.2019","14,430","14,500","14,660","14,350","1,26M","0,77%"
"02.04.2019","14,320","14,470","14,480","14,260","532,29K","-0,90%"
"01.04.2019","14,450","14,220","14,470","14,050","1,16M","3,14%"
"29.03.2019","14,010","13,850","14,040","13,850","2,71M","2,34%"
"28.03.2019","13,690","13,300","13,720","13,290","719,50K","2,32%"
"27.03.2019","13,380","13,570","13,750","13,240","1,64M","-2,76%"
"26.03.2019","13,760","13,960","14,260","13,530","1,79M","-0,58%"
"25.03.2019","13,840","13,710","13,910","13,630","1,48M","0,58%"
"22.03.2019","13,760","14,120","14,140","13,710","2,06M","-4,51%"
"21.03.2019","14,410","14,440","14,540","14,210","1,25M","-0,41%"
"20.03.2019","14,470","14,280","14,630","14,200","1,44M","1,12%"
"19.03.2019","14,310","14,710","14,800","14,220","1,38M","-2,59%"
"18.03.2019","14,690","14,480","14,950","14,360","1,44M","2,51%"
"15.03.2019","14,330","14,050","14,490","14,020","2,08M","2,36%"
"14.03.2019","14,000","13,970","14,140","13,890","1,14M","-0,07%"
"13.03.2019","14,010","13,790","14,070","13,790","1,57M","1,67%"
"12.03.2019","13,780","13,750","13,900","13,650","2,05M","1,10%"
"11.03.2019","13,630","13,340","13,650","12,960","2,22M","6,15%"
"08.03.2019","12,840","13,060","13,070","12,620","2,44M","0,78%"
"07.03.2019","12,740","12,650","12,890","12,050","3,56M","0,71%"
"06.03.2019","12,650","13,010","13,140","12,280","3,78M","-2,77%"
"05.03.2019","13,010","13,340","13,640","12,870","1,90M","-2,25%"
"04.03.2019","13,310","13,760","13,950","13,260","1,77M","-3,13%"
"01.03.2019","13,740","14,130","14,290","13,610","1,57M","-2,83%"
"28.02.2019","14,140","14,440","14,850","13,920","1,25M","-2,48%"
"27.02.2019","14,500","14,520","14,650","14,300","758,17K","0,21%"
"26.02.2019","14,470","14,590","14,690","14,320","546,65K","-0,96%"
"25.02.2019","14,610","15,040","15,110","14,600","576,47K","-2,21%"
"22.02.2019","14,940","14,680","15,080","14,680","815,10K","2,47%"
"21.02.2019","14,580","15,000","15,000","14,530","669,24K","-0,48%"
"20.02.2019","14,650","14,800","15,180","14,620","897,03K","-2,27%"
"19.02.2019","14,990","15,290","15,310","14,740","1,37M","-3,10%"
"15.02.2019","15,470","15,880","15,910","15,430","798,25K","-1,65%"
"14.02.2019","15,730","15,550","15,810","15,440","344,37K","0,32%"
"13.02.2019","15,680","15,810","16,050","15,490","1,27M","-0,95%"
"12.02.2019","15,830","15,740","15,980","15,620","812,16K","2,59%"
"11.02.2019","15,430","15,510","15,590","15,220","907,38K","-1,15%"
"08.02.2019","15,610","15,520","15,650","15,230","832,38K","0,32%"
"07.02.2019","15,560","16,030","16,030","15,260","1,25M","-3,41%"
"06.02.2019","16,110","16,510","16,620","16,060","574,41K","-2,78%"
"05.02.2019","16,570","16,600","16,660","16,390","788,10K","-0,18%"
"04.02.2019","16,600","16,450","16,700","16,370","1,45M","0,61%"
"01.02.2019","16,500","16,330","16,600","16,210","875,63K","0,92%"
"31.01.2019","16,350","15,990","16,360","15,780","1,37M","2,83%"
"30.01.2019","15,900","15,840","16,060","15,620","921,29K","1,47%"
"29.01.2019","15,670","15,530","15,880","15,500","1,13M","2,02%"
"28.01.2019","15,360","15,330","15,460","15,080","776,62K","-1,73%"
"25.01.2019","15,630","15,800","15,900","15,520","538,93K","-0,19%"
"24.01.2019","15,660","15,300","15,830","15,300","1,97M","2,62%"
"23.01.2019","15,260","15,450","15,450","14,870","740,76K","-0,97%"
"22.01.2019","15,410","15,150","15,470","14,920","2,15M","0,06%"
"18.01.2019","15,400","15,030","15,520","14,830","2,84M","2,94%"
"17.01.2019","14,960","14,580","14,990","14,420","1,55M","1,77%"
"16.01.2019","14,700","14,530","14,950","14,340","2,92M","1,31%"
"15.01.2019","14,510","14,710","14,760","14,290","1,02M","-0,68%"
"14.01.2019","14,610","14,530","14,830","14,320","946,48K","-0,48%"
"11.01.2019","14,680","14,270","14,910","14,190","3,35M","1,52%"
"10.01.2019","14,460","14,340","14,540","14,170","4,45M","0,28%"
"09.01.2019","14,420","14,490","14,830","14,300","3,16M","1,34%"
"08.01.2019","14,230","14,630","14,690","14,160","2,14M","-2,06%"
"07.01.2019","14,530","14,530","14,750","14,410","2,12M","0,69%"
"04.01.2019","14,430","14,000","14,680","13,920","1,74M","4,87%"
"03.01.2019","13,760","13,900","14,000","13,630","1,24M","0,29%"
"02.01.2019","13,720","13,300","13,860","13,120","904,45K","2,46%"
"31.12.2018","13,390","13,110","13,450","12,930","634,77K","2,45%"
"28.12.2018","13,070","13,460","13,530","12,880","816,20K","-1,51%"
"27.12.2018","13,270","12,820","13,370","12,780","886,20K","1,07%"
"26.12.2018","13,130","12,360","13,170","11,980","1,03M","6,66%"
"24.12.2018","12,310","12,430","12,640","12,240","472,60K","-2,53%"
"21.12.2018","12,630","12,800","12,920","12,390","1,03M","-1,02%"
"20.12.2018","12,760","13,280","13,450","12,730","1,43M","-2,45%"
"19.12.2018","13,080","13,430","13,620","12,750","1,21M","-1,88%"
"18.12.2018","13,330","13,640","13,690","13,120","1,18M","-2,42%"
"17.12.2018","13,660","14,310","14,310","13,490","1,13M","-5,07%"
"14.12.2018","14,390","14,120","14,480","13,860","678,64K","0,21%"
"13.12.2018","14,360","14,350","14,530","14,200","463,67K","-0,35%"
"12.12.2018","14,410","14,480","14,810","14,350","842,17K","0,49%"
"11.12.2018","14,340","14,580","14,860","14,220","767,90K","-1,38%"
"10.12.2018","14,540","14,800","14,990","14,320","841,64K","-3,00%"
"07.12.2018","14,990","15,350","15,670","14,810","542,91K","-1,58%"
"06.12.2018","15,230","14,390","15,380","14,280","730,02K","-3,30%"
"04.12.2018","15,750","15,640","15,980","15,300","906,69K","0,70%"
"03.12.2018","15,640","15,550","15,800","15,330","1,18M","4,48%"
"30.11.2018","14,970","15,170","15,200","14,860","931,76K","-1,71%"
"29.11.2018","15,230","14,900","15,240","14,800","545,60K","2,21%"
"28.11.2018","14,900","14,570","15,060","14,250","916,69K","2,19%"
"27.11.2018","14,580","14,840","15,100","14,560","430,80K","-0,61%"
"26.11.2018","14,670","14,990","15,110","14,600","529,72K","-1,54%"
"23.11.2018","14,900","14,800","15,040","14,700","325,39K","-1,91%"
"21.11.2018","15,190","15,060","15,360","14,950","387,56K","2,08%"
"20.11.2018","14,880","15,390","15,390","14,820","1,02M","-5,34%"
"19.11.2018","15,720","15,770","15,900","15,630","601,30K","-1,26%"
"16.11.2018","15,920","15,860","16,260","15,490","945,67K","0,06%"
"15.11.2018","15,910","15,530","16,090","15,320","871,59K","2,51%"
"14.11.2018","15,520","15,100","15,660","14,840","728,42K","3,74%"
"13.11.2018","14,960","15,500","15,500","14,740","1,18M","-3,73%"
"12.11.2018","15,540","15,690","16,010","15,440","742,99K","0,65%"
"09.11.2018","15,440","15,690","15,790","15,020","613,77K","-1,84%"
"08.11.2018","15,730","16,130","16,320","15,550","659,68K","-3,50%"
"07.11.2018","16,300","16,180","16,430","16,070","803,01K","1,75%"
"06.11.2018","16,020","16,120","16,310","15,890","523,86K","-0,31%"
"05.11.2018","16,070","15,840","16,190","15,770","764,93K","1,97%"
"02.11.2018","15,760","15,700","15,960","15,510","1,14M","0,51%"
"01.11.2018","15,680","15,100","15,690","14,980","1,50M","4,53%"
"31.10.2018","15,000","14,940","15,040","14,190","1,55M","0,87%"
"30.10.2018","14,870","14,750","15,020","14,600","654,82K","0,81%"
"29.10.2018","14,750","15,300","15,490","14,460","1,26M","-2,45%"
"26.10.2018","15,120","14,390","15,150","14,110","1,20M","4,35%"
"25.10.2018","14,490","13,880","14,560","13,620","1,10M","8,13%"
"24.10.2018","13,400","14,030","14,500","13,240","1,20M","-4,22%"
"23.10.2018","13,990","13,850","14,200","13,590","904,14K","-0,78%"
"22.10.2018","14,100","14,390","14,500","13,680","1,25M","-1,54%"
"19.10.2018","14,320","14,460","14,580","13,880","538,01K","0,21%"
"18.10.2018","14,290","14,500","14,650","14,290","562,15K","-2,26%"
"17.10.2018","14,620","14,650","14,710","14,410","625,24K","-0,34%"
"16.10.2018","14,670","14,760","14,950","14,360","1,05M","0,20%"
"15.10.2018","14,640","14,700","14,850","14,410","592,46K","-0,68%"
"12.10.2018","14,740","14,480","14,800","14,300","746,97K","4,24%"
"11.10.2018","14,140","14,600","14,770","14,120","1,23M","-2,88%"
"10.10.2018","14,560","15,070","15,180","14,520","655,99K","-4,40%"
"09.10.2018","15,230","15,100","15,300","14,600","694,41K","0,53%"
"08.10.2018","15,150","14,590","15,360","14,480","955,39K","4,05%"
"05.10.2018","14,560","14,840","14,980","14,500","1,16M","-1,82%"
"04.10.2018","14,830","15,620","15,630","14,610","1,81M","-5,30%"
"03.10.2018","15,660","16,000","16,050","15,620","1,02M","-0,13%"
"02.10.2018","15,680","15,390","15,820","15,260","1,23M","3,16%"
"01.10.2018","15,200","15,850","15,850","15,110","1,56M","-1,62%"
"28.09.2018","15,450","15,910","16,100","15,400","1,11M","-3,74%"
"27.09.2018","16,050","16,270","16,540","15,950","1,47M","-1,23%"
"26.09.2018","16,250","16,550","16,710","16,150","1,19M","-1,75%"
"25.09.2018","16,540","16,090","16,670","15,840","1,39M","0,24%"
"24.09.2018","16,500","17,100","17,220","16,120","1,04M","-3,17%"
"21.09.2018","17,040","17,230","17,500","16,780","1,63M","-0,58%"
"20.09.2018","17,140","16,690","17,270","16,500","2,34M","4,32%"
"19.09.2018","16,430","15,890","16,990","15,680","1,57M","3,53%"
"18.09.2018","15,870","14,990","16,120","14,890","992,32K","5,94%"
"17.09.2018","14,980","14,800","15,020","14,800","632,96K","0,54%"
"14.09.2018","14,900","15,040","15,230","14,570","867,39K","0,13%"
"13.09.2018","14,880","14,860","15,220","14,840","770,95K","0,27%"
"12.09.2018","14,840","14,900","15,140","14,800","1,31M","1,16%"
"11.09.2018","14,670","14,510","14,690","14,020","641,88K","-1,01%"
"10.09.2018","14,820","15,500","15,560","14,810","430,73K","-4,14%"
"07.09.2018","15,460","15,780","15,990","15,270","973,52K","1,11%"
"06.09.2018","15,290","14,910","15,800","14,870","1,30M","2,48%"
"05.09.2018","14,920","14,300","15,300","13,900","1,79M","3,40%"
"04.09.2018","14,430","14,750","15,030","14,200","1,47M","-4,63%"
"31.08.2018","15,130","13,990","15,280","13,570","3,53M","7,99%"
"30.08.2018","14,010","15,230","15,260","13,750","4,92M","-8,85%"
"29.08.2018","15,370","15,860","15,880","15,190","1,76M","-1,66%"
"28.08.2018","15,630","15,890","15,960","15,470","1,20M","-1,88%"
"27.08.2018","15,930","15,550","16,090","15,450","763,60K","2,97%"
"24.08.2018","15,470","16,210","16,250","15,290","1,15M","-3,61%"
"23.08.2018","16,050","16,120","16,290","15,910","816,18K","-0,43%"
"22.08.2018","16,120","15,570","16,230","15,450","611,81K","3,80%"
"21.08.2018","15,530","15,640","15,800","15,400","733,55K","-0,38%"
"20.08.2018","15,590","14,900","15,600","14,900","926,74K","4,70%"
"17.08.2018","14,890","15,240","15,240","14,730","1,36M","-2,23%"
"16.08.2018","15,230","15,080","15,540","15,070","1,16M","1,47%"
"15.08.2018","15,010","15,070","15,100","14,820","952,37K","-1,90%"
"14.08.2018","15,300","15,010","15,310","14,830","1,17M","3,38%"
"13.08.2018","14,800","15,020","15,110","14,670","1,50M","-2,63%"
"10.08.2018","15,200","15,060","15,250","14,500","1,38M","-1,11%"
"09.08.2018","15,370","15,410","15,450","15,070","994,59K","-1,03%"
"08.08.2018","15,530","16,170","16,170","15,350","1,48M","-3,00%"
"07.08.2018","16,010","16,500","16,500","15,950","768,04K","-1,60%"
"06.08.2018","16,270","16,370","16,480","16,200","529,83K","-1,63%"
"03.08.2018","16,540","16,070","16,620","16,070","681,12K","3,44%"
"02.08.2018","15,990","15,810","16,150","15,710","790,95K","-0,44%"
"01.08.2018","16,060","16,470","16,510","15,940","1,95M","-3,25%"
"31.07.2018","16,600","16,500","16,650","16,360","827,34K","0,85%"
"30.07.2018","16,460","16,800","16,930","16,180","965,18K","-1,44%"
"27.07.2018","16,700","16,740","17,300","16,590","782,28K","-0,12%"
"26.07.2018","16,720","17,110","17,290","16,340","1,17M","-2,90%"
"25.07.2018","17,220","17,150","17,410","16,980","1,17M","0,70%"
"24.07.2018","17,100","16,520","17,180","16,520","1,43M","4,20%"
"23.07.2018","16,410","16,360","16,460","16,100","732,51K","0,31%"
"20.07.2018","16,360","15,760","16,550","15,530","2,12M","5,28%"
"19.07.2018","15,540","15,430","15,640","15,150","1,36M","0,00%"
"18.07.2018","15,540","15,130","15,690","14,870","948,74K","1,17%"
"17.07.2018","15,360","14,900","15,440","14,890","887,31K","2,06%"
"16.07.2018","15,050","14,940","15,100","14,850","761,09K","-0,07%"
"13.07.2018","15,060","15,100","15,170","15,020","1,16M","-0,46%"
"12.07.2018","15,130","15,190","15,190","14,960","1,03M","2,30%"
"11.07.2018","14,790","14,790","15,020","14,670","1,09M","-2,12%"
"10.07.2018","15,110","15,200","15,350","14,970","1,83M","-0,92%"
"09.07.2018","15,250","14,950","15,400","14,930","1,09M","3,95%"
"06.07.2018","14,670","14,810","14,850","14,490","1,75M","-0,95%"
"05.07.2018","14,810","14,680","14,870","14,460","2,69M","2,99%"
"03.07.2018","14,380","13,400","14,520","13,260","3,37M","9,19%"
"02.07.2018","13,170","13,650","13,720","13,140","1,96M","-3,02%"
"29.06.2018","13,580","14,160","14,440","13,500","1,76M","-3,62%"
"28.06.2018","14,090","14,350","14,790","13,840","2,85M","-1,47%"
"27.06.2018","14,300","15,370","15,370","14,270","3,91M","-6,84%"
"26.06.2018","15,350","15,350","15,520","15,240","2,07M","-0,84%"
"25.06.2018","15,480","16,610","16,710","15,050","3,17M","-7,53%"
"22.06.2018","16,740","17,360","17,500","16,580","1,17M","-1,76%"
"21.06.2018","17,040","18,020","18,090","17,010","3,38M","0,95%"
"20.06.2018","16,880","16,810","17,090","16,720","1,68M","1,75%"
"19.06.2018","16,590","16,080","16,980","16,060","1,33M","2,28%"
"18.06.2018","16,220","16,730","16,820","15,980","1,81M","-3,51%"
"15.06.2018","16,810","17,030","17,090","16,720","1,03M","-0,88%"
"14.06.2018","16,960","17,640","17,730","16,820","1,54M","-3,14%"
"13.06.2018","17,510","17,640","17,860","17,440","892,13K","-1,19%"
"12.06.2018","17,720","17,990","18,090","17,720","698,58K","-1,50%"
"11.06.2018","17,990","18,130","18,300","17,830","1,14M","-0,55%"
"08.06.2018","18,090","18,330","18,440","17,520","1,82M","0,33%"
"07.06.2018","18,030","17,660","18,120","17,480","1,44M","2,56%"
"06.06.2018","17,580","18,210","18,250","17,470","1,98M","-3,46%"
"05.06.2018","18,210","17,900","18,550","17,900","1,56M","1,56%"
"04.06.2018","17,930","18,330","18,450","17,900","981,71K","-0,94%"
"01.06.2018","18,100","18,290","18,520","17,950","915,73K","-0,33%"
"31.05.2018","18,160","18,130","18,270","17,770","2,16M","-0,22%"
"30.05.2018","18,200","18,900","18,900","18,050","1,32M","-3,19%"
"29.05.2018","18,800","18,750","19,080","18,620","2,81M","-1,05%"
"25.05.2018","19,000","18,910","19,070","18,610","1,38M","-0,68%"
"24.05.2018","19,130","19,380","19,470","18,880","1,17M","-2,30%"
"23.05.2018","19,580","19,630","19,690","19,260","960,33K","-1,06%"
"22.05.2018","19,790","20,050","20,110","19,610","1,35M","-1,44%"
"21.05.2018","20,080","20,250","20,250","20,000","687,12K","-0,05%"
"18.05.2018","20,090","20,040","20,240","19,950","751,58K","0,10%"
"17.05.2018","20,070","19,900","20,340","19,890","1,19M","0,96%"
"16.05.2018","19,880","19,880","20,050","19,430","2,27M","0,00%"
"15.05.2018","19,880","20,360","20,930","19,790","2,47M","-3,12%"
"14.05.2018","20,520","20,080","20,770","20,040","1,44M","-1,16%"
"11.05.2018","20,760","20,930","21,280","20,500","1,90M","-0,24%"
"10.05.2018","20,810","20,170","20,910","20,130","2,80M","3,64%"
"09.05.2018","20,080","19,950","20,110","19,330","2,59M","3,99%"
"08.05.2018","19,310","19,870","19,870","18,860","4,29M","-3,40%"
"07.05.2018","19,990","19,940","20,360","19,830","1,38M","0,96%"
"04.05.2018","19,800","19,620","20,660","19,610","2,52M","0,76%"
"03.05.2018","19,650","20,750","20,860","19,540","2,12M","-5,07%"
"02.05.2018","20,700","21,490","21,650","20,690","1,72M","-4,08%"
"01.05.2018","21,580","21,730","21,810","21,330","422,54K","-1,42%"
"30.04.2018","21,890","21,950","22,220","21,770","771,71K","-0,55%"
"27.04.2018","22,010","21,960","22,060","21,520","940,95K","-0,36%"
"26.04.2018","22,090","22,420","22,420","21,940","1,25M","-1,34%"
"25.04.2018","22,390","22,740","22,740","22,040","1,07M","-0,71%"
"24.04.2018","22,550","22,950","23,110","22,470","962,59K","-0,97%"
"23.04.2018","22,770","22,880","23,230","22,530","775,14K","0,80%"
"20.04.2018","22,590","22,910","22,930","22,490","768,07K","-1,87%"
"19.04.2018","23,020","22,980","23,260","22,690","644,35K","0,92%"
"18.04.2018","22,810","22,870","23,100","22,700","607,95K","0,66%"
"17.04.2018","22,660","22,010","22,790","21,960","1,09M","2,86%"
"16.04.2018","22,030","22,380","22,440","21,840","741,10K","-1,61%"
"13.04.2018","22,390","22,370","22,500","22,180","374,02K","0,27%"
"12.04.2018","22,330","22,180","22,410","22,110","969,89K","0,68%"
"11.04.2018","22,180","21,980","22,220","21,780","781,56K","1,23%"
"10.04.2018","21,910","21,610","22,000","20,900","731,93K","2,82%"
"09.04.2018","21,310","21,190","21,480","21,160","485,03K","0,85%"
"06.04.2018","21,130","21,270","21,350","21,000","321,25K","-1,17%"
"05.04.2018","21,380","21,490","21,620","21,290","423,47K","0,52%"
"04.04.2018","21,270","21,170","21,400","20,960","589,28K","-1,44%"
"03.04.2018","21,580","21,500","21,710","21,300","927,83K","1,36%"
"02.04.2018","21,290","21,620","21,800","20,890","950,15K","-1,53%"
"29.03.2018","21,620","21,460","21,870","21,280","359,17K","0,98%"
"28.03.2018","21,410","21,380","22,200","21,380","667,68K","-0,46%"
"27.03.2018","21,510","21,930","22,000","21,350","652,57K","-1,87%"
"26.03.2018","21,920","21,210","21,940","21,120","1,46M","4,93%"
"23.03.2018","20,890","21,300","21,500","20,830","684,08K","-1,79%"
"22.03.2018","21,270","21,670","21,760","21,260","581,05K","-2,92%"
"21.03.2018","21,910","21,450","22,110","21,290","898,47K","2,72%"
"20.03.2018","21,330","21,290","21,480","21,220","658,97K","0,57%"
"19.03.2018","21,210","21,440","21,440","21,080","637,09K","-1,53%"
"16.03.2018","21,540","21,890","21,890","21,500","538,58K","-0,42%"
"15.03.2018","21,630","21,700","21,950","21,470","820,74K","0,09%"
"14.03.2018","21,610","22,140","22,300","21,590","1,11M","-1,95%"
"13.03.2018","22,040","22,000","22,370","21,880","994,21K","0,05%"
"12.03.2018","22,030","22,500","22,520","21,770","858,39K","-2,00%"
"09.03.2018","22,480","22,600","22,980","22,210","697,51K","0,54%"
"08.03.2018","22,360","22,450","22,640","22,170","237,22K","-0,40%"
"07.03.2018","22,450","22,320","22,620","22,130","552,01K","-0,22%"
"06.03.2018","22,500","22,860","22,880","22,300","886,34K","0,58%"
"05.03.2018","22,370","22,450","22,750","22,220","987,59K","-0,67%"
"02.03.2018","22,520","22,560","22,660","21,940","996,95K","-1,44%"
"01.03.2018","22,850","23,160","23,350","22,700","1,04M","-1,13%"
"28.02.2018","23,110","23,510","23,560","23,030","685,76K","-1,49%"
"27.02.2018","23,460","23,950","23,990","23,190","1,16M","-2,25%"
"26.02.2018","24,000","23,830","24,000","23,560","652,70K","1,10%"
"23.02.2018","23,740","23,960","24,140","23,490","477,89K","-0,04%"
"22.02.2018","23,750","23,360","23,850","23,230","1,05M","2,41%"
"21.02.2018","23,190","23,260","23,500","23,010","599,25K","-0,30%"
"20.02.2018","23,260","23,050","23,490","23,000","759,93K","0,43%"
"16.02.2018","23,160","22,660","23,440","22,660","1,07M","1,31%"
"15.02.2018","22,860","23,050","23,270","22,730","1,04M","-0,13%"
"14.02.2018","22,890","22,300","23,080","22,060","1,07M","0,44%"
"13.02.2018","22,790","22,140","22,790","22,100","999,12K","2,94%"
"12.02.2018","22,140","21,410","22,310","21,200","947,22K","4,83%"
"09.02.2018","21,120","21,420","21,630","20,680","1,28M","-1,45%"
"08.02.2018","21,430","22,180","22,500","21,430","1,40M","-2,90%"
"07.02.2018","22,070","22,950","23,100","22,070","1,02M","-3,83%"
"06.02.2018","22,950","22,080","23,090","21,700","1,14M","1,77%"
"05.02.2018","22,550","22,880","23,000","22,260","1,20M","-2,76%"
"02.02.2018","23,190","23,740","24,260","23,190","1,04M","-5,73%"
"01.02.2018","24,600","24,240","24,650","24,010","1,12M","1,86%"
"31.01.2018","24,150","24,080","24,340","23,920","1,24M","1,05%"
"30.01.2018","23,900","24,270","24,270","23,700","1,45M","-1,89%"
"29.01.2018","24,360","25,530","25,530","23,680","3,19M","-5,95%"
"26.01.2018","25,900","26,180","26,180","25,790","680,82K","-1,07%"
"25.01.2018","26,180","26,500","26,700","26,120","900,57K","-0,34%"
"24.01.2018","26,270","25,720","26,280","25,720","1,26M","2,78%"
"23.01.2018","25,560","25,250","25,750","25,130","1,42M","1,11%"
"22.01.2018","25,280","24,950","25,360","24,780","822,51K","1,16%"
"19.01.2018","24,990","25,160","25,250","24,820","1,34M","-0,95%"
"18.01.2018","25,230","24,980","25,430","24,760","854,98K","0,20%"
"17.01.2018","25,180","25,360","25,470","25,100","810,20K","-0,36%"
"16.01.2018","25,270","25,450","25,480","25,190","1,58M","0,88%"
"12.01.2018","25,050","24,710","25,120","24,680","1,93M","1,29%"
"11.01.2018","24,730","23,960","24,930","23,950","2,41M","3,34%"
"10.01.2018","23,930","23,840","23,990","23,630","1,24M","0,72%"
"09.01.2018","23,760","23,810","24,040","23,540","1,20M","0,04%"
"08.01.2018","23,750","22,980","23,800","22,600","1,12M","3,22%"
"05.01.2018","23,010","23,290","23,480","22,830","1,55M","-1,20%"
"04.01.2018","23,290","23,670","23,950","22,820","1,28M","-1,31%"
"03.01.2018","23,600","23,800","23,800","23,400","1,44M","-0,17%"
"02.01.2018","23,640","23,000","23,860","22,780","1,45M","3,19%"